asset,head_id,actual_label,predicted_label,proba_good,top_contributor,correct
african_female_auth_african_f_0022_frame_0001_subdiv_head_var_0.glb,22,good,bad,0.42526065032187005,chaos_FaceBind,False
african_female_auth_african_f_0022_frame_0002_subdiv_head_var_0.glb,22,good,good,0.5028351727345097,chaos_JawBind,True
african_female_auth_african_f_0022_frame_0002_subdiv_head_var_0.glb,22,good,good,0.5811407931249326,chaos_RightCheekBind,True
african_female_auth_african_f_0022_frame_0003_subdiv_head_var_0.glb,22,good,good,0.5893356369121918,chaos_MouthInnerBind,True
african_female_auth_african_f_0022_frame_0004_subdiv_head_var_0.glb,22,good,good,0.5205024059333605,chaos_LeftCheekBind,True
african_female_auth_african_f_0022_frame_0006_subdiv_head_var_0.glb,22,good,good,0.5455141515946119,chaos_LeftCheekBoneBind,True
african_female_auth_african_f_0022_frame_0007_subdiv_head_var_0.glb,22,good,good,0.5312180560564896,chaos_LeftCheekBoneBind,True
african_female_auth_african_f_0022_frame_0010_subdiv_head_var_0.glb,22,good,bad,0.4738742388962619,chaos_JawBind,False
african_female_auth_african_f_0023_frame_0005_subdiv_head_var_0.glb,23,good,bad,0.488407982165667,chaos_JawBind,False
african_female_auth_african_f_0023_frame_0005_subdiv_head_var_0.glb,23,good,good,0.6178776074280129,chaos_MouthBind,True
african_female_auth_african_f_0023_frame_0006_subdiv_head_var_0.glb,23,good,good,0.6683195169728333,chaos_RightCheekBind,True
african_female_auth_african_f_0023_frame_0006_subdiv_head_var_0.glb,23,good,bad,0.40769814448436287,chaos_RightCheekBind,False
african_female_auth_african_f_0023_frame_0007_subdiv_head_var_0.glb,23,good,bad,0.43820082488573997,chaos_RightEyeSocketBind,False
african_female_auth_african_f_0023_frame_0007_subdiv_head_var_0.glb,23,good,bad,0.45592392548344707,chaos_MouthBind,False
african_male_auth_african_m_0001_frame_0006_subdiv_head_var_0.glb,1,good,bad,0.46578627972097625,chaos_RightEyeSocketBind,False
african_male_auth_african_m_0001_frame_0009_subdiv_head_var_0.glb,1,good,bad,0.44288489106388973,chaos_FaceBind,False
african_male_auth_african_m_0005_frame_0004_subdiv_head_var_0.glb,5,good,good,0.5357586378598049,chaos_RightCheekBind,True
african_male_auth_african_m_0005_frame_0010_subdiv_head_var_0.glb,5,good,good,0.518067708253128,chaos_MouthInnerBind,True
african_male_auth_african_m_0026_frame_0001_subdiv_head_var_0.glb,26,good,good,0.6319567647059928,chaos_FaceBind,True
african_male_auth_african_m_0026_frame_0002_subdiv_head_var_0.glb,26,good,good,0.6140861002902795,chaos_JawBind,True
african_male_auth_african_m_0026_frame_0005_subdiv_head_var_0.glb,26,good,good,0.5360899260103095,chaos_MouthBind,True
asian_female_auth_asian_f_0013_frame_0002_subdiv_head_var_0.glb,13,good,good,0.5594946289505962,chaos_FaceBind,True
asian_female_auth_asian_f_0013_frame_0004_subdiv_head_var_0.glb,13,good,bad,0.4293179532310896,chaos_MouthBind,False
asian_female_auth_asian_f_0013_frame_0005_subdiv_head_var_0.glb,13,good,good,0.5006975500609355,chaos_MouthBind,True
asian_female_auth_asian_f_0013_frame_0007_subdiv_head_var_0.glb,13,good,bad,0.47568977167381965,chaos_LeftCheekBoneBind,False
asian_female_auth_asian_f_0013_frame_0008_subdiv_head_var_0.glb,13,good,good,0.5129795377954213,chaos_LeftCheekBind,True
asian_female_auth_asian_f_0013_frame_0008_subdiv_head_var_0.glb,13,good,bad,0.471290312084615,chaos_MouthBind,False
asian_female_auth_asian_f_0013_frame_0009_subdiv_head_var_0.glb,13,good,bad,0.4645569525765894,chaos_JawBind,False
asian_female_auth_asian_f_0013_frame_0009_subdiv_head_var_0.glb,13,good,bad,0.4121674005491885,chaos_MouthBind,False
asian_female_auth_asian_f_0022_frame_0001_subdiv_head_var_0.glb,22,good,bad,0.49385367863042295,chaos_LeftCheekBind,False
asian_female_auth_asian_f_0022_frame_0001_subdiv_head_var_0.glb,22,good,bad,0.48276200033296474,chaos_LeftCheekBoneBind,False
asian_female_auth_asian_f_0022_frame_0002_subdiv_head_var_0.glb,22,good,good,0.5623786140681671,chaos_FaceBind,True
asian_female_auth_asian_f_0022_frame_0002_subdiv_head_var_0.glb,22,good,good,0.5525455194390272,chaos_LeftCheekBoneBind,True
asian_female_auth_asian_f_0022_frame_0003_subdiv_head_var_0.glb,22,good,bad,0.4849965454450867,chaos_LeftCheekBoneBind,False
asian_female_auth_asian_f_0022_frame_0004_subdiv_head_var_0.glb,22,good,good,0.5813372394489945,chaos_JawBind,True
asian_female_auth_asian_f_0022_frame_0004_subdiv_head_var_0.glb,22,good,good,0.530080572748882,chaos_MouthInnerBind,True
asian_female_auth_asian_f_0022_frame_0007_subdiv_head_var_0.glb,22,good,good,0.6328821211609471,chaos_MouthInnerBind,True
asian_female_auth_asian_f_0022_frame_0007_subdiv_head_var_0.glb,22,good,good,0.5695821326797286,chaos_NoseBind,True
asian_female_auth_asian_f_0022_frame_0009_subdiv_head_var_0.glb,22,good,good,0.5601634012250805,chaos_RightEyeSocketBind,True
asian_female_auth_asian_f_0022_frame_0010_subdiv_head_var_0.glb,22,good,good,0.500750698740786,chaos_LeftCheekBoneBind,True
asian_female_auth_asian_f_0022_frame_0010_subdiv_head_var_0.glb,22,good,good,0.5219690569279517,chaos_LeftCheekBoneBind,True
asian_male_auth_asian_m_0016_frame_0006_subdiv_head_var_0.glb,16,good,good,0.5167171871836823,chaos_LeftCheekBoneBind,True
asian_male_auth_asian_m_0016_frame_0006_subdiv_head_var_0.glb,16,good,bad,0.4886912459245665,chaos_FaceBind,False
asian_male_auth_asian_m_0016_frame_0010_subdiv_head_var_0.glb,16,good,good,0.598641360947482,chaos_NoseBind,True
asian_male_auth_asian_m_0048_frame_0003_subdiv_head_var_0.glb,48,good,bad,0.47553909071864625,chaos_RightEyeSocketBind,False
asian_male_auth_asian_m_0048_frame_0004_subdiv_head_var_0.glb,48,good,good,0.5022359624450865,chaos_JawBind,True
asian_male_auth_asian_m_0048_frame_0006_subdiv_head_var_0.glb,48,good,good,0.6042668578435921,chaos_FaceBind,True
asian_male_auth_asian_m_0048_frame_0007_subdiv_head_var_0.glb,48,good,good,0.5589695706833281,chaos_NoseBind,True
asian_male_auth_asian_m_0048_frame_0008_subdiv_head_var_0.glb,48,good,good,0.5103129649177005,chaos_LeftCheekBoneBind,True
asian_male_auth_asian_m_0048_frame_0010_subdiv_head_var_0.glb,48,good,bad,0.44975514474661515,chaos_RightEyeSocketBind,False
asian_male_auth_asian_m_0051_frame_0003_subdiv_head_var_0.glb,51,good,bad,0.4927829082901314,chaos_LeftCheekBind,False
asian_male_auth_asian_m_0051_frame_0004_subdiv_head_var_0.glb,51,good,good,0.5119190605951252,chaos_RightEyeSocketBind,True
asian_male_auth_asian_m_0051_frame_0005_subdiv_head_var_0.glb,51,good,good,0.5689848553164799,chaos_RightCheekBind,True
asian_male_auth_asian_m_0051_frame_0008_subdiv_head_var_0.glb,51,good,good,0.5145745373865501,chaos_FaceBind,True
auth_asian_f_0022_frame_0004_subdiv_head.glb,22,good,bad,0.4797224426436439,chaos_JawBind,False
auth_middleeast_f_0009_frame_0002_subdiv_head.glb,9,good,good,0.6484445595004832,chaos_LeftBrowBind,True
caucasian_male_auth_caucasian_m_0025_frame_0001_subdiv_head_var_0.glb,25,good,bad,0.44352966682912337,chaos_LeftCheekBoneBind,False
caucasian_male_auth_caucasian_m_0025_frame_0003_subdiv_head_var_0.glb,25,good,good,0.5596200051301109,chaos_LeftCheekBind,True
caucasian_male_auth_caucasian_m_0025_frame_0003_subdiv_head_var_0.glb,25,good,good,0.6513737663334267,chaos_MouthInnerBind,True
caucasian_male_auth_caucasian_m_0025_frame_0005_subdiv_head_var_0.glb,25,good,good,0.5434339543506147,chaos_RightCheekBind,True
caucasian_male_auth_caucasian_m_0025_frame_0007_subdiv_head_var_0.glb,25,good,good,0.5145944606298078,chaos_RightCheekBind,True
caucasian_male_auth_caucasian_m_0025_frame_0009_subdiv_head_var_0.glb,25,good,good,0.5196269075801967,chaos_JawBind,True
caucasian_male_auth_caucasian_m_0025_frame_0009_subdiv_head_var_0.glb,25,good,good,0.5206165968120929,chaos_LeftCheekBoneBind,True
latino_female_auth_latino_f_0014_frame_0006_subdiv_head_var_0.glb,14,good,bad,0.4849168424846095,chaos_LeftCheekBind,False
latino_female_auth_latino_f_0014_frame_0007_subdiv_head_var_0.glb,14,good,bad,0.4616920348541722,chaos_LeftCheekBind,False
latino_female_auth_latino_f_0014_frame_0008_subdiv_head_var_0.glb,14,good,good,0.6151162889395438,chaos_NoseBind,True
latino_female_auth_latino_f_0031_frame_0010_subdiv_head_var_0.glb,31,good,bad,0.4728428096099788,chaos_LeftCheekBind,False
latino_male_auth_latino_m_0002_frame_0003_subdiv_head_var_0.glb,2,good,bad,0.49665365828201563,chaos_JawBind,False
latino_male_auth_latino_m_0002_frame_0010_subdiv_head_var_0.glb,2,good,bad,0.4770152445721382,chaos_FaceBind,False
middleeast_female_auth_middleeast_f_0009_frame_0002_subdiv_head_var_0.glb,9,good,bad,0.4591671787516998,chaos_MouthInnerBind,False
middleeast_female_auth_middleeast_f_0009_frame_0002_subdiv_head_var_0.glb,9,good,bad,0.4339661497210017,chaos_RightEyeSocketBind,False
middleeast_female_auth_middleeast_f_0009_frame_0004_subdiv_head_var_0.glb,9,good,bad,0.4723623634224854,chaos_FaceBind,False
middleeast_female_auth_middleeast_f_0009_frame_0005_subdiv_head_var_0.glb,9,good,good,0.574836615217625,chaos_JawBind,True
middleeast_female_auth_middleeast_f_0009_frame_0007_subdiv_head_var_0.glb,9,good,bad,0.41909789972169437,chaos_LeftCheekBoneBind,False
middleeast_female_auth_middleeast_f_0009_frame_0009_subdiv_head_var_0.glb,9,good,bad,0.4480885431166573,chaos_FaceBind,False
middleeast_female_auth_middleeast_f_0009_frame_0009_subdiv_head_var_0.glb,9,good,bad,0.4260062257408238,chaos_LeftCheekBind,False
middleeast_female_auth_middleeast_f_0028_frame_0001_subdiv_head_var_0.glb,28,good,good,0.568640418016742,chaos_LeftCheekBoneBind,True
middleeast_female_auth_middleeast_f_0028_frame_0001_subdiv_head_var_0.glb,28,good,bad,0.4390493446653823,chaos_LeftCheekBoneBind,False
middleeast_female_auth_middleeast_f_0028_frame_0003_subdiv_head_var_0.glb,28,good,good,0.5739062483808495,chaos_LeftBrowBind,True
middleeast_female_auth_middleeast_f_0028_frame_0003_subdiv_head_var_0.glb,28,good,bad,0.4452507421326674,chaos_RightEyeSocketBind,False
middleeast_female_auth_middleeast_f_0028_frame_0004_subdiv_head_var_0.glb,28,good,good,0.5297483397669298,chaos_RightEyeSocketBind,True
middleeast_female_auth_middleeast_f_0028_frame_0005_subdiv_head_var_0.glb,28,good,good,0.5167255837596997,chaos_FaceBind,True
middleeast_female_auth_middleeast_f_0028_frame_0006_subdiv_head_var_0.glb,28,good,bad,0.47055253371149375,chaos_RightEyeSocketBind,False
middleeast_female_auth_middleeast_f_0028_frame_0006_subdiv_head_var_0.glb,28,good,good,0.5787897068175804,chaos_RightEyeSocketBind,True
middleeast_female_auth_middleeast_f_0028_frame_0007_subdiv_head_var_0.glb,28,good,good,0.5547283649562004,chaos_LeftCheekBind,True
middleeast_female_auth_middleeast_f_0028_frame_0007_subdiv_head_var_0.glb,28,good,good,0.5234846387096204,chaos_LeftCheekBoneBind,True
middleeast_female_auth_middleeast_f_0028_frame_0008_subdiv_head_var_0.glb,28,good,good,0.5051834676418064,chaos_MouthInnerBind,True
middleeast_female_auth_middleeast_f_0028_frame_0008_subdiv_head_var_0.glb,28,good,bad,0.47885824863594423,chaos_FaceBind,False
middleeast_female_auth_middleeast_f_0028_frame_0009_subdiv_head_var_0.glb,28,good,good,0.5685645107242027,chaos_MouthInnerBind,True
middleeast_female_auth_middleeast_f_0028_frame_0009_subdiv_head_var_0.glb,28,good,good,0.585426896747337,chaos_LeftBrowBind,True
middleeast_female_auth_middleeast_f_0028_frame_0010_subdiv_head_var_0.glb,28,good,good,0.5195876500892316,chaos_FaceBind,True
middleeast_female_auth_middleeast_f_0028_frame_0010_subdiv_head_var_0.glb,28,good,good,0.5659956425550967,chaos_LeftCheekBind,True
middleeast_male_auth_middleeast_m_0011_frame_0004_subdiv_head_var_0.glb,11,good,good,0.5966418682798753,chaos_LeftBrowBind,True
middleeast_male_auth_middleeast_m_0011_frame_0007_subdiv_head_var_0.glb,11,good,good,0.5320348808395511,chaos_RightEyeSocketBind,True
middleeast_male_auth_middleeast_m_0011_frame_0008_subdiv_head_var_0.glb,11,good,bad,0.48389653767389573,chaos_LeftCheekBind,False
middleeast_male_auth_middleeast_m_0011_frame_0009_subdiv_head_var_0.glb,11,good,bad,0.4527610052285416,chaos_MouthInnerBind,False
middleeast_male_auth_middleeast_m_0011_frame_0010_subdiv_head_var_0.glb,11,good,bad,0.43635717202754865,chaos_LeftCheekBind,False
middleeast_male_auth_middleeast_m_0011_frame_0010_subdiv_head_var_0.glb,11,good,good,0.5043773033002399,chaos_MouthBind,True
middleeast_male_auth_middleeast_m_0025_frame_0003_subdiv_head_var_0.glb,25,good,good,0.6627977767776456,chaos_MouthInnerBind,True
middleeast_male_auth_middleeast_m_0025_frame_0004_subdiv_head_var_0.glb,25,good,bad,0.45871207212070536,chaos_RightCheekBind,False
middleeast_male_auth_middleeast_m_0025_frame_0008_subdiv_head_var_0.glb,25,good,good,0.6272872356654892,chaos_MouthInnerBind,True
middleeast_male_auth_middleeast_m_0043_frame_0010_subdiv_head_var_0.glb,43,good,bad,0.48463650581089296,chaos_MouthInnerBind,False
african_female_auth_african_f_0022_frame_0001_subdiv_head_var_0.glb,22,bad,bad,0.4653342344834861,chaos_JawBind,True
african_female_auth_african_f_0022_frame_0004_subdiv_head_var_0.glb,22,bad,bad,0.4771169890001915,chaos_LeftCheekBoneBind,True
african_female_auth_african_f_0022_frame_0005_subdiv_head_var_0.glb,22,bad,bad,0.47243653085160686,chaos_JawBind,True
african_female_auth_african_f_0022_frame_0006_subdiv_head_var_0.glb,22,bad,good,0.6029045603023466,chaos_MouthInnerBind,False
african_female_auth_african_f_0022_frame_0008_subdiv_head_var_0.glb,22,bad,good,0.5268334373344499,chaos_MouthInnerBind,False
african_female_auth_african_f_0022_frame_0008_subdiv_head_var_0.glb,22,bad,bad,0.4787775355804461,chaos_FaceBind,True
african_female_auth_african_f_0022_frame_0009_subdiv_head_var_0.glb,22,bad,good,0.5255912852573592,chaos_RightEyeSocketBind,False
african_female_auth_african_f_0022_frame_0009_subdiv_head_var_0.glb,22,bad,good,0.6389127982138505,chaos_RightEyeSocketBind,False
african_female_auth_african_f_0022_frame_0010_subdiv_head_var_0.glb,22,bad,good,0.5396204962317714,chaos_LeftCheekBind,False
african_female_auth_african_f_0023_frame_0001_subdiv_head_var_0.glb,23,bad,bad,0.4326855148714214,chaos_MouthBind,True
african_female_auth_african_f_0023_frame_0001_subdiv_head_var_0.glb,23,bad,bad,0.4671281244726656,chaos_LeftCheekBind,True
african_female_auth_african_f_0023_frame_0002_subdiv_head_var_0.glb,23,bad,bad,0.43590264108558463,chaos_JawBind,True
african_female_auth_african_f_0023_frame_0002_subdiv_head_var_0.glb,23,bad,good,0.509651503006362,chaos_RightEyeSocketBind,False
african_female_auth_african_f_0023_frame_0003_subdiv_head_var_0.glb,23,bad,bad,0.46806784757472897,chaos_RightCheekBind,True
african_female_auth_african_f_0023_frame_0003_subdiv_head_var_0.glb,23,bad,bad,0.3817955177456414,chaos_MouthBind,True
african_female_auth_african_f_0023_frame_0004_subdiv_head_var_0.glb,23,bad,good,0.5873064789308458,chaos_MouthBind,False
african_female_auth_african_f_0023_frame_0008_subdiv_head_var_0.glb,23,bad,bad,0.47035036828447496,chaos_LeftCheekBoneBind,True
african_female_auth_african_f_0023_frame_0008_subdiv_head_var_0.glb,23,bad,bad,0.426165619507381,chaos_MouthBind,True
african_female_auth_african_f_0023_frame_0009_subdiv_head_var_0.glb,23,bad,bad,0.3595995140837128,chaos_JawBind,True
african_female_auth_african_f_0023_frame_0009_subdiv_head_var_0.glb,23,bad,bad,0.43892012612308595,chaos_MouthBind,True
african_female_auth_african_f_0023_frame_0010_subdiv_head_var_0.glb,23,bad,bad,0.46464878547492194,chaos_JawBind,True
african_female_auth_african_f_0023_frame_0010_subdiv_head_var_0.glb,23,bad,good,0.5519256826026642,chaos_LeftCheekBoneBind,False
african_male_auth_african_m_0001_frame_0001_subdiv_head_var_0.glb,1,bad,good,0.6303354804128385,chaos_JawBind,False
african_male_auth_african_m_0001_frame_0002_subdiv_head_var_0.glb,1,bad,good,0.531644446456958,chaos_RightCheekBind,False
african_male_auth_african_m_0001_frame_0003_subdiv_head_var_0.glb,1,bad,good,0.565281793945734,chaos_FaceBind,False
african_male_auth_african_m_0001_frame_0004_subdiv_head_var_0.glb,1,bad,good,0.5255821185203726,chaos_LeftCheekBind,False
african_male_auth_african_m_0001_frame_0005_subdiv_head_var_0.glb,1,bad,bad,0.4467821209679455,chaos_FaceBind,True
african_male_auth_african_m_0001_frame_0007_subdiv_head_var_0.glb,1,bad,good,0.6194867414289073,chaos_MouthBind,False
african_male_auth_african_m_0001_frame_0008_subdiv_head_var_0.glb,1,bad,bad,0.4646385396495284,chaos_LeftCheekBind,True
african_male_auth_african_m_0001_frame_0010_subdiv_head_var_0.glb,1,bad,bad,0.41494424537421665,chaos_MouthBind,True
african_male_auth_african_m_0005_frame_0001_subdiv_head_var_0.glb,5,bad,good,0.5314448968606651,chaos_LeftBrowBind,False
african_male_auth_african_m_0005_frame_0002_subdiv_head_var_0.glb,5,bad,bad,0.45172577557186555,chaos_RightEyeSocketBind,True
african_male_auth_african_m_0005_frame_0003_subdiv_head_var_0.glb,5,bad,good,0.608430772740708,chaos_MouthBind,False
african_male_auth_african_m_0005_frame_0005_subdiv_head_var_0.glb,5,bad,bad,0.4671076485222862,chaos_RightEyeSocketBind,True
african_male_auth_african_m_0005_frame_0006_subdiv_head_var_0.glb,5,bad,good,0.5109601460788177,chaos_RightCheekBind,False
african_male_auth_african_m_0005_frame_0007_subdiv_head_var_0.glb,5,bad,good,0.5078610513947381,chaos_FaceBind,False
african_male_auth_african_m_0005_frame_0008_subdiv_head_var_0.glb,5,bad,good,0.52792848287837,chaos_LeftCheekBind,False
african_male_auth_african_m_0005_frame_0009_subdiv_head_var_0.glb,5,bad,bad,0.4891944395964278,chaos_RightEyeSocketBind,True
african_male_auth_african_m_0026_frame_0003_subdiv_head_var_0.glb,26,bad,good,0.5507090900775421,chaos_RightEyeSocketBind,False
african_male_auth_african_m_0026_frame_0004_subdiv_head_var_0.glb,26,bad,bad,0.47128096222807686,chaos_MouthBind,True
african_male_auth_african_m_0026_frame_0006_subdiv_head_var_0.glb,26,bad,bad,0.49362717645085125,chaos_MouthBind,True
african_male_auth_african_m_0026_frame_0007_subdiv_head_var_0.glb,26,bad,bad,0.4711263393532771,chaos_LeftCheekBind,True
african_male_auth_african_m_0026_frame_0008_subdiv_head_var_0.glb,26,bad,good,0.5301775466371059,chaos_RightEyeSocketBind,False
african_male_auth_african_m_0026_frame_0009_subdiv_head_var_0.glb,26,bad,bad,0.43733498819077726,chaos_MouthBind,True
african_male_auth_african_m_0026_frame_0010_subdiv_head_var_0.glb,26,bad,good,0.5169862044706004,chaos_LeftCheekBind,False
asian_female_auth_asian_f_0013_frame_0001_subdiv_head_var_0.glb,13,bad,bad,0.45456558738532166,chaos_MouthBind,True
asian_female_auth_asian_f_0013_frame_0001_subdiv_head_var_0.glb,13,bad,good,0.5421881419237188,chaos_MouthBind,False
asian_female_auth_asian_f_0013_frame_0002_subdiv_head_var_0.glb,13,bad,bad,0.41687245393686956,chaos_FaceBind,True
asian_female_auth_asian_f_0013_frame_0003_subdiv_head_var_0.glb,13,bad,bad,0.4217222444669038,chaos_MouthBind,True
asian_female_auth_asian_f_0013_frame_0003_subdiv_head_var_0.glb,13,bad,good,0.507396645479857,chaos_FaceBind,False
asian_female_auth_asian_f_0013_frame_0004_subdiv_head_var_0.glb,13,bad,bad,0.420789475762988,chaos_JawBind,True
asian_female_auth_asian_f_0013_frame_0005_subdiv_head_var_0.glb,13,bad,bad,0.43786111201430383,chaos_LeftCheekBoneBind,True
asian_female_auth_asian_f_0013_frame_0006_subdiv_head_var_0.glb,13,bad,bad,0.4602630028318314,chaos_MouthBind,True
asian_female_auth_asian_f_0013_frame_0006_subdiv_head_var_0.glb,13,bad,bad,0.45524549581309776,chaos_MouthBind,True
asian_female_auth_asian_f_0013_frame_0007_subdiv_head_var_0.glb,13,bad,good,0.6329955199626432,chaos_LeftCheekBoneBind,False
asian_female_auth_asian_f_0013_frame_0010_subdiv_head_var_0.glb,13,bad,bad,0.4101089344551372,chaos_JawBind,True
asian_female_auth_asian_f_0013_frame_0010_subdiv_head_var_0.glb,13,bad,good,0.5079870018966858,chaos_MouthBind,False
asian_female_auth_asian_f_0022_frame_0003_subdiv_head_var_0.glb,22,bad,good,0.5184703399945553,chaos_JawBind,False
asian_female_auth_asian_f_0022_frame_0005_subdiv_head_var_0.glb,22,bad,good,0.516889650667349,chaos_RightEyeSocketBind,False
asian_female_auth_asian_f_0022_frame_0005_subdiv_head_var_0.glb,22,bad,bad,0.4399910314509965,chaos_LeftCheekBoneBind,True
asian_female_auth_asian_f_0022_frame_0006_subdiv_head_var_0.glb,22,bad,bad,0.38466789087552655,chaos_JawBind,True
asian_female_auth_asian_f_0022_frame_0006_subdiv_head_var_0.glb,22,bad,bad,0.4585633245697274,chaos_FaceBind,True
asian_female_auth_asian_f_0022_frame_0008_subdiv_head_var_0.glb,22,bad,bad,0.4083153282746965,chaos_JawBind,True
asian_female_auth_asian_f_0022_frame_0008_subdiv_head_var_0.glb,22,bad,bad,0.49687977185588605,chaos_MouthInnerBind,True
asian_female_auth_asian_f_0022_frame_0009_subdiv_head_var_0.glb,22,bad,good,0.5044411611733861,chaos_JawBind,False
asian_male_auth_asian_m_0016_frame_0001_subdiv_head_var_0.glb,16,bad,bad,0.45758952008174725,chaos_LeftCheekBoneBind,True
asian_male_auth_asian_m_0016_frame_0001_subdiv_head_var_0.glb,16,bad,good,0.5072814791062797,chaos_MouthInnerBind,False
asian_male_auth_asian_m_0016_frame_0002_subdiv_head_var_0.glb,16,bad,bad,0.49021516031004425,chaos_JawBind,True
asian_male_auth_asian_m_0016_frame_0003_subdiv_head_var_0.glb,16,bad,bad,0.46700637020554586,chaos_JawBind,True
asian_male_auth_asian_m_0016_frame_0003_subdiv_head_var_0.glb,16,bad,bad,0.4704149910658005,chaos_FaceBind,True
asian_male_auth_asian_m_0016_frame_0004_subdiv_head_var_0.glb,16,bad,good,0.5402554645939892,chaos_FaceBind,False
asian_male_auth_asian_m_0016_frame_0004_subdiv_head_var_0.glb,16,bad,bad,0.4590153679046712,chaos_RightEyeSocketBind,True
asian_male_auth_asian_m_0016_frame_0005_subdiv_head_var_0.glb,16,bad,good,0.5418323565903806,chaos_LeftCheekBoneBind,False
asian_male_auth_asian_m_0016_frame_0005_subdiv_head_var_0.glb,16,bad,bad,0.47814175909892415,chaos_RightEyeSocketBind,True
asian_male_auth_asian_m_0016_frame_0007_subdiv_head_var_0.glb,16,bad,good,0.5495225505992023,chaos_FaceBind,False
asian_male_auth_asian_m_0016_frame_0007_subdiv_head_var_0.glb,16,bad,good,0.5402310340232701,chaos_FaceBind,False
asian_male_auth_asian_m_0016_frame_0008_subdiv_head_var_0.glb,16,bad,good,0.5690002709740185,chaos_RightEyeSocketBind,False
asian_male_auth_asian_m_0016_frame_0008_subdiv_head_var_0.glb,16,bad,good,0.5559789653085342,chaos_NoseBind,False
asian_male_auth_asian_m_0016_frame_0009_subdiv_head_var_0.glb,16,bad,good,0.6134219820941822,chaos_FaceBind,False
asian_male_auth_asian_m_0016_frame_0009_subdiv_head_var_0.glb,16,bad,bad,0.4987320888719299,chaos_RightEyeSocketBind,True
asian_male_auth_asian_m_0016_frame_0010_subdiv_head_var_0.glb,16,bad,good,0.5756482621584159,chaos_MouthBind,False
asian_male_auth_asian_m_0048_frame_0001_subdiv_head_var_0.glb,48,bad,good,0.6036252754709057,chaos_JawBind,False
asian_male_auth_asian_m_0048_frame_0002_subdiv_head_var_0.glb,48,bad,bad,0.49515420327392423,chaos_MouthBind,True
asian_male_auth_asian_m_0048_frame_0005_subdiv_head_var_0.glb,48,bad,good,0.517871770970452,chaos_FaceBind,False
asian_male_auth_asian_m_0048_frame_0009_subdiv_head_var_0.glb,48,bad,bad,0.4234161037148519,chaos_MouthBind,True
asian_male_auth_asian_m_0051_frame_0001_subdiv_head_var_0.glb,51,bad,good,0.6154830365435962,chaos_MouthInnerBind,False
asian_male_auth_asian_m_0051_frame_0002_subdiv_head_var_0.glb,51,bad,bad,0.4251310458611226,chaos_MouthBind,True
asian_male_auth_asian_m_0051_frame_0006_subdiv_head_var_0.glb,51,bad,bad,0.48175424816136786,chaos_MouthBind,True
asian_male_auth_asian_m_0051_frame_0007_subdiv_head_var_0.glb,51,bad,good,0.6085238482716818,chaos_JawBind,False
asian_male_auth_asian_m_0051_frame_0009_subdiv_head_var_0.glb,51,bad,good,0.5510913108843609,chaos_FaceBind,False
asian_male_auth_asian_m_0051_frame_0010_subdiv_head_var_0.glb,51,bad,bad,0.4837721946846016,chaos_LeftCheekBind,True
auth_african_f_0022_frame_0001_subdiv_head.glb,22,bad,bad,0.17991424509734116,chaos_JawBind,True
auth_african_f_0022_frame_0002_subdiv_head.glb,22,bad,bad,0.1566754161338027,chaos_JawBind,True
auth_african_f_0022_frame_0003_subdiv_head.glb,22,bad,bad,0.15447082484827385,chaos_JawBind,True
auth_african_f_0022_frame_0004_subdiv_head.glb,22,bad,bad,0.2617839438411987,chaos_NoseBind,True
auth_african_f_0022_frame_0005_subdiv_head.glb,22,bad,bad,0.4609446142324385,chaos_FaceBind,True
auth_african_f_0022_frame_0006_subdiv_head.glb,22,bad,bad,0.23593911608024976,chaos_NoseBind,True
auth_african_f_0022_frame_0007_subdiv_head.glb,22,bad,bad,0.3284245633398383,chaos_NoseBind,True
auth_african_f_0022_frame_0008_subdiv_head.glb,22,bad,bad,0.13631369538806787,chaos_JawBind,True
auth_african_f_0022_frame_0009_subdiv_head.glb,22,bad,bad,0.2272915489697957,chaos_NoseBind,True
auth_african_f_0022_frame_0010_subdiv_head.glb,22,bad,bad,0.31299315681057976,chaos_JawBind,True
auth_african_f_0023_frame_0001_subdiv_head.glb,23,bad,bad,0.23196038709052885,chaos_JawBind,True
auth_african_f_0023_frame_0002_subdiv_head.glb,23,bad,bad,0.2866264034733763,chaos_NoseBind,True
auth_african_f_0023_frame_0003_subdiv_head.glb,23,bad,bad,0.13982562786950495,chaos_JawBind,True
auth_african_f_0023_frame_0004_subdiv_head.glb,23,bad,bad,0.2361073803279935,chaos_NoseBind,True
auth_african_f_0023_frame_0005_subdiv_head.glb,23,bad,bad,0.1405127689659142,chaos_JawBind,True
auth_african_f_0023_frame_0006_subdiv_head.glb,23,bad,bad,0.297844723459829,chaos_NoseBind,True
auth_african_f_0023_frame_0007_subdiv_head.glb,23,bad,bad,0.24267073939438993,chaos_JawBind,True
auth_african_f_0023_frame_0008_subdiv_head.glb,23,bad,bad,0.17031708587072766,chaos_JawBind,True
auth_african_f_0023_frame_0009_subdiv_head.glb,23,bad,bad,0.28848505083127146,chaos_NoseBind,True
auth_african_f_0023_frame_0010_subdiv_head.glb,23,bad,bad,0.13949607295949926,chaos_JawBind,True
auth_asian_f_0022_frame_0001_subdiv_head.glb,22,bad,bad,0.30915443580791,chaos_JawBind,True
auth_asian_f_0022_frame_0002_subdiv_head.glb,22,bad,bad,0.15723422634485565,chaos_JawBind,True
auth_asian_f_0022_frame_0003_subdiv_head.glb,22,bad,bad,0.3468273542729275,chaos_NoseBind,True
auth_asian_f_0022_frame_0005_subdiv_head.glb,22,bad,bad,0.22113225569279757,chaos_JawBind,True
auth_asian_f_0022_frame_0006_subdiv_head.glb,22,bad,bad,0.39866930311652776,chaos_JawBind,True
auth_asian_f_0022_frame_0007_subdiv_head.glb,22,bad,bad,0.29259372758073354,chaos_NoseBind,True
auth_asian_f_0022_frame_0008_subdiv_head.glb,22,bad,bad,0.26758920188832264,chaos_JawBind,True
auth_asian_f_0022_frame_0009_subdiv_head.glb,22,bad,bad,0.35470974372075337,chaos_JawBind,True
auth_asian_f_0022_frame_0010_subdiv_head.glb,22,bad,bad,0.15636493209500238,chaos_JawBind,True
auth_asian_m_0016_frame_0001_subdiv_head.glb,16,bad,bad,0.3856796755101953,chaos_NoseBind,True
auth_asian_m_0016_frame_0002_subdiv_head.glb,16,bad,bad,0.44300448602446363,chaos_JawBind,True
auth_asian_m_0016_frame_0003_subdiv_head.glb,16,bad,bad,0.17917204318694188,chaos_JawBind,True
auth_asian_m_0016_frame_0004_subdiv_head.glb,16,bad,bad,0.1670434872408761,chaos_JawBind,True
auth_asian_m_0016_frame_0005_subdiv_head.glb,16,bad,bad,0.33908230094236586,chaos_NoseBind,True
auth_asian_m_0016_frame_0006_subdiv_head.glb,16,bad,bad,0.2393475345511938,chaos_NoseBind,True
auth_asian_m_0016_frame_0007_subdiv_head.glb,16,bad,bad,0.36778493163557563,chaos_JawBind,True
auth_asian_m_0016_frame_0008_subdiv_head.glb,16,bad,bad,0.3200922717623915,chaos_JawBind,True
auth_asian_m_0016_frame_0009_subdiv_head.glb,16,bad,bad,0.2870018620254106,chaos_NoseBind,True
auth_asian_m_0016_frame_0010_subdiv_head.glb,16,bad,good,0.5893597998392344,chaos_FaceBind,False
auth_caucasian_m_0025_frame_0001_subdiv_head.glb,25,bad,bad,0.15782743520411688,chaos_JawBind,True
auth_caucasian_m_0025_frame_0002_subdiv_head.glb,25,bad,bad,0.19369586227128543,chaos_JawBind,True
auth_caucasian_m_0025_frame_0003_subdiv_head.glb,25,bad,bad,0.31683871696933763,chaos_NoseBind,True
auth_caucasian_m_0025_frame_0004_subdiv_head.glb,25,bad,good,0.5681710393980745,chaos_NoseBind,False
auth_caucasian_m_0025_frame_0005_subdiv_head.glb,25,bad,bad,0.26485661189721316,chaos_JawBind,True
auth_caucasian_m_0025_frame_0006_subdiv_head.glb,25,bad,bad,0.1567135554622741,chaos_JawBind,True
auth_caucasian_m_0025_frame_0007_subdiv_head.glb,25,bad,bad,0.23445960615418965,chaos_NoseBind,True
auth_caucasian_m_0025_frame_0008_subdiv_head.glb,25,bad,bad,0.37195992849311055,chaos_NoseBind,True
auth_caucasian_m_0025_frame_0009_subdiv_head.glb,25,bad,bad,0.19558414896863868,chaos_JawBind,True
auth_caucasian_m_0025_frame_0010_subdiv_head.glb,25,bad,bad,0.2698820953772522,chaos_NoseBind,True
auth_middleeast_f_0009_frame_0001_subdiv_head.glb,9,bad,bad,0.2986786672266815,chaos_NoseBind,True
auth_middleeast_f_0009_frame_0003_subdiv_head.glb,9,bad,bad,0.18035963832232735,chaos_JawBind,True
auth_middleeast_f_0009_frame_0004_subdiv_head.glb,9,bad,bad,0.17967502343610878,chaos_JawBind,True
auth_middleeast_f_0009_frame_0005_subdiv_head.glb,9,bad,bad,0.16803479640007052,chaos_JawBind,True
auth_middleeast_f_0009_frame_0006_subdiv_head.glb,9,bad,bad,0.27050618954231065,chaos_NoseBind,True
auth_middleeast_f_0009_frame_0007_subdiv_head.glb,9,bad,bad,0.18306709963457415,chaos_JawBind,True
auth_middleeast_f_0009_frame_0008_subdiv_head.glb,9,bad,bad,0.32603979601594574,chaos_NoseBind,True
auth_middleeast_f_0009_frame_0009_subdiv_head.glb,9,bad,bad,0.16095732005680846,chaos_JawBind,True
auth_middleeast_f_0009_frame_0010_subdiv_head.glb,9,bad,bad,0.17644716447422704,chaos_JawBind,True
auth_middleeast_f_0028_frame_0001_subdiv_head.glb,28,bad,bad,0.1985380040274065,chaos_JawBind,True
auth_middleeast_f_0028_frame_0002_subdiv_head.glb,28,bad,bad,0.2390204970491493,chaos_NoseBind,True
auth_middleeast_f_0028_frame_0003_subdiv_head.glb,28,bad,bad,0.25745743731828574,chaos_JawBind,True
auth_middleeast_f_0028_frame_0004_subdiv_head.glb,28,bad,bad,0.16173107736034043,chaos_JawBind,True
auth_middleeast_f_0028_frame_0005_subdiv_head.glb,28,bad,bad,0.18669041702739672,chaos_JawBind,True
auth_middleeast_f_0028_frame_0006_subdiv_head.glb,28,bad,bad,0.17955947665940034,chaos_JawBind,True
auth_middleeast_f_0028_frame_0007_subdiv_head.glb,28,bad,bad,0.3149257165128073,chaos_JawBind,True
auth_middleeast_f_0028_frame_0008_subdiv_head.glb,28,bad,bad,0.3261533296073528,chaos_NoseBind,True
auth_middleeast_f_0028_frame_0009_subdiv_head.glb,28,bad,bad,0.15716935538697346,chaos_JawBind,True
auth_middleeast_f_0028_frame_0010_subdiv_head.glb,28,bad,bad,0.2413312931679975,chaos_JawBind,True
auth_middleeast_m_0011_frame_0001_subdiv_head.glb,11,bad,bad,0.2690970876559848,chaos_NoseBind,True
auth_middleeast_m_0011_frame_0002_subdiv_head.glb,11,bad,bad,0.3499182693043594,chaos_JawBind,True
auth_middleeast_m_0011_frame_0003_subdiv_head.glb,11,bad,bad,0.14821932187584272,chaos_JawBind,True
auth_middleeast_m_0011_frame_0004_subdiv_head.glb,11,bad,good,0.5524695208418876,chaos_JawBind,False
auth_middleeast_m_0011_frame_0005_subdiv_head.glb,11,bad,bad,0.2679956524171476,chaos_NoseBind,True
auth_middleeast_m_0011_frame_0006_subdiv_head.glb,11,bad,bad,0.4111095568617766,chaos_JawBind,True
auth_middleeast_m_0011_frame_0007_subdiv_head.glb,11,bad,bad,0.4333180604084229,chaos_MouthBind,True
auth_middleeast_m_0011_frame_0008_subdiv_head.glb,11,bad,bad,0.3446429342246947,chaos_NoseBind,True
auth_middleeast_m_0011_frame_0009_subdiv_head.glb,11,bad,bad,0.30432054097474054,chaos_NoseBind,True
auth_middleeast_m_0011_frame_0010_subdiv_head.glb,11,bad,bad,0.2930173571026175,chaos_NoseBind,True
auth_middleeast_m_0025_frame_0001_subdiv_head.glb,25,bad,bad,0.16321760090225773,chaos_JawBind,True
auth_middleeast_m_0025_frame_0002_subdiv_head.glb,25,bad,bad,0.1574018608201144,chaos_JawBind,True
auth_middleeast_m_0025_frame_0003_subdiv_head.glb,25,bad,bad,0.16133552884458555,chaos_JawBind,True
auth_middleeast_m_0025_frame_0004_subdiv_head.glb,25,bad,bad,0.32454930642221747,chaos_NoseBind,True
auth_middleeast_m_0025_frame_0005_subdiv_head.glb,25,bad,bad,0.20866485831560166,chaos_JawBind,True
auth_middleeast_m_0025_frame_0006_subdiv_head.glb,25,bad,bad,0.3017212933580407,chaos_JawBind,True
auth_middleeast_m_0025_frame_0007_subdiv_head.glb,25,bad,bad,0.307245206247829,chaos_NoseBind,True
auth_middleeast_m_0025_frame_0008_subdiv_head.glb,25,bad,bad,0.40741528922394915,chaos_NoseBind,True
auth_middleeast_m_0025_frame_0009_subdiv_head.glb,25,bad,bad,0.3589890824805033,chaos_JawBind,True
auth_middleeast_m_0025_frame_0010_subdiv_head.glb,25,bad,bad,0.17224707781336865,chaos_JawBind,True
caucasian_male_auth_caucasian_m_0025_frame_0001_subdiv_head_var_0.glb,25,bad,good,0.5213595084668355,chaos_LeftCheekBind,False
caucasian_male_auth_caucasian_m_0025_frame_0002_subdiv_head_var_0.glb,25,bad,bad,0.42084552103066347,chaos_LeftCheekBoneBind,True
caucasian_male_auth_caucasian_m_0025_frame_0002_subdiv_head_var_0.glb,25,bad,bad,0.49176926738869015,chaos_FaceBind,True
caucasian_male_auth_caucasian_m_0025_frame_0004_subdiv_head_var_0.glb,25,bad,good,0.5693889103340704,chaos_JawBind,False
caucasian_male_auth_caucasian_m_0025_frame_0004_subdiv_head_var_0.glb,25,bad,good,0.5276476299470115,chaos_MouthBind,False
caucasian_male_auth_caucasian_m_0025_frame_0005_subdiv_head_var_0.glb,25,bad,good,0.5293987225020206,chaos_JawBind,False
caucasian_male_auth_caucasian_m_0025_frame_0006_subdiv_head_var_0.glb,25,bad,good,0.5256908781386338,chaos_MouthBind,False
caucasian_male_auth_caucasian_m_0025_frame_0006_subdiv_head_var_0.glb,25,bad,bad,0.4195243221069154,chaos_LeftCheekBind,True
caucasian_male_auth_caucasian_m_0025_frame_0007_subdiv_head_var_0.glb,25,bad,good,0.6107331717164658,chaos_LeftCheekBind,False
caucasian_male_auth_caucasian_m_0025_frame_0008_subdiv_head_var_0.glb,25,bad,bad,0.43304634740703724,chaos_LeftCheekBoneBind,True
caucasian_male_auth_caucasian_m_0025_frame_0008_subdiv_head_var_0.glb,25,bad,bad,0.4511115799102105,chaos_MouthInnerBind,True
caucasian_male_auth_caucasian_m_0025_frame_0010_subdiv_head_var_0.glb,25,bad,bad,0.44649085603800037,chaos_RightEyeSocketBind,True
caucasian_male_auth_caucasian_m_0025_frame_0010_subdiv_head_var_0.glb,25,bad,good,0.5302554343692598,chaos_RightEyeSocketBind,False
latino_female_auth_latino_f_0014_frame_0001_subdiv_head_var_0.glb,14,bad,good,0.5454871274893763,chaos_LeftCheekBoneBind,False
latino_female_auth_latino_f_0014_frame_0002_subdiv_head_var_0.glb,14,bad,good,0.5517974625084489,chaos_FaceBind,False
latino_female_auth_latino_f_0014_frame_0003_subdiv_head_var_0.glb,14,bad,bad,0.38786817539669866,chaos_LeftCheekBind,True
latino_female_auth_latino_f_0014_frame_0004_subdiv_head_var_0.glb,14,bad,bad,0.4125281284059288,chaos_RightEyeSocketBind,True
latino_female_auth_latino_f_0014_frame_0005_subdiv_head_var_0.glb,14,bad,good,0.510797758981673,chaos_RightEyeSocketBind,False
latino_female_auth_latino_f_0014_frame_0009_subdiv_head_var_0.glb,14,bad,bad,0.44972598939573216,chaos_FaceBind,True
latino_female_auth_latino_f_0014_frame_0010_subdiv_head_var_0.glb,14,bad,bad,0.46252043907722357,chaos_LeftCheekBind,True
latino_female_auth_latino_f_0031_frame_0001_subdiv_head_var_0.glb,31,bad,bad,0.43948891979704874,chaos_LeftCheekBoneBind,True
latino_female_auth_latino_f_0031_frame_0002_subdiv_head_var_0.glb,31,bad,good,0.5597257013450774,chaos_FaceBind,False
latino_female_auth_latino_f_0031_frame_0003_subdiv_head_var_0.glb,31,bad,good,0.5641065251806083,chaos_RightCheekBind,False
latino_female_auth_latino_f_0031_frame_0004_subdiv_head_var_0.glb,31,bad,good,0.5508777601066955,chaos_MouthBind,False
latino_female_auth_latino_f_0031_frame_0005_subdiv_head_var_0.glb,31,bad,good,0.5182379022951281,chaos_RightEyeSocketBind,False
latino_female_auth_latino_f_0031_frame_0006_subdiv_head_var_0.glb,31,bad,bad,0.4789038021958617,chaos_LeftCheekBoneBind,True
latino_female_auth_latino_f_0031_frame_0007_subdiv_head_var_0.glb,31,bad,good,0.5164550895695852,chaos_RightCheekBind,False
latino_female_auth_latino_f_0031_frame_0008_subdiv_head_var_0.glb,31,bad,bad,0.46669919757656275,chaos_NoseBind,True
latino_female_auth_latino_f_0031_frame_0009_subdiv_head_var_0.glb,31,bad,good,0.5811562793736342,chaos_JawBind,False
latino_male_auth_latino_m_0002_frame_0001_subdiv_head_var_0.glb,2,bad,good,0.5349132576560179,chaos_LeftBrowBind,False
latino_male_auth_latino_m_0002_frame_0002_subdiv_head_var_0.glb,2,bad,good,0.5885117582627917,chaos_LeftCheekBoneBind,False
latino_male_auth_latino_m_0002_frame_0004_subdiv_head_var_0.glb,2,bad,good,0.5213265316906692,chaos_LeftCheekBind,False
latino_male_auth_latino_m_0002_frame_0005_subdiv_head_var_0.glb,2,bad,good,0.5489382935839752,chaos_FaceBind,False
latino_male_auth_latino_m_0002_frame_0006_subdiv_head_var_0.glb,2,bad,good,0.5712742655152737,chaos_MouthInnerBind,False
latino_male_auth_latino_m_0002_frame_0007_subdiv_head_var_0.glb,2,bad,bad,0.49810201299538875,chaos_LeftCheekBoneBind,True
latino_male_auth_latino_m_0002_frame_0008_subdiv_head_var_0.glb,2,bad,good,0.5719087101068373,chaos_NoseBind,False
latino_male_auth_latino_m_0002_frame_0009_subdiv_head_var_0.glb,2,bad,bad,0.46544744703203217,chaos_RightEyeSocketBind,True
latino_male_auth_latino_m_0036_frame_0001_subdiv_head_var_0.glb,36,bad,good,0.5907121930379006,chaos_MouthInnerBind,False
latino_male_auth_latino_m_0036_frame_0002_subdiv_head_var_0.glb,36,bad,good,0.6362934744876376,chaos_LeftBrowBind,False
latino_male_auth_latino_m_0036_frame_0003_subdiv_head_var_0.glb,36,bad,bad,0.44844123318700246,chaos_RightCheekBind,True
latino_male_auth_latino_m_0036_frame_0004_subdiv_head_var_0.glb,36,bad,good,0.5753258304354878,chaos_RightEyeSocketBind,False
latino_male_auth_latino_m_0036_frame_0005_subdiv_head_var_0.glb,36,bad,bad,0.47686298418145534,chaos_FaceBind,True
latino_male_auth_latino_m_0036_frame_0006_subdiv_head_var_0.glb,36,bad,good,0.5151440252019255,chaos_LeftBrowBind,False
latino_male_auth_latino_m_0036_frame_0007_subdiv_head_var_0.glb,36,bad,good,0.5406907237283938,chaos_MouthInnerBind,False
latino_male_auth_latino_m_0036_frame_0008_subdiv_head_var_0.glb,36,bad,bad,0.4930632841362406,chaos_RightEyeSocketBind,True
latino_male_auth_latino_m_0036_frame_0009_subdiv_head_var_0.glb,36,bad,bad,0.4173029600349777,chaos_LeftCheekBoneBind,True
latino_male_auth_latino_m_0036_frame_0010_subdiv_head_var_0.glb,36,bad,good,0.5132921258221051,chaos_LeftCheekBoneBind,False
middleeast_female_auth_middleeast_f_0009_frame_0001_subdiv_head_var_0.glb,9,bad,good,0.5165756221522146,chaos_FaceBind,False
middleeast_female_auth_middleeast_f_0009_frame_0001_subdiv_head_var_0.glb,9,bad,good,0.6310128378912926,chaos_RightCheekBind,False
middleeast_female_auth_middleeast_f_0009_frame_0003_subdiv_head_var_0.glb,9,bad,bad,0.4184665705764334,chaos_JawBind,True
middleeast_female_auth_middleeast_f_0009_frame_0003_subdiv_head_var_0.glb,9,bad,bad,0.49314393818945024,chaos_FaceBind,True
middleeast_female_auth_middleeast_f_0009_frame_0004_subdiv_head_var_0.glb,9,bad,bad,0.4499156777436179,chaos_FaceBind,True
middleeast_female_auth_middleeast_f_0009_frame_0005_subdiv_head_var_0.glb,9,bad,good,0.5528454566300267,chaos_LeftCheekBind,False
middleeast_female_auth_middleeast_f_0009_frame_0006_subdiv_head_var_0.glb,9,bad,good,0.5153757455754154,chaos_MouthInnerBind,False
middleeast_female_auth_middleeast_f_0009_frame_0006_subdiv_head_var_0.glb,9,bad,bad,0.41543960078980585,chaos_LeftCheekBoneBind,True
middleeast_female_auth_middleeast_f_0009_frame_0007_subdiv_head_var_0.glb,9,bad,bad,0.45273354497009616,chaos_RightCheekBind,True
middleeast_female_auth_middleeast_f_0009_frame_0008_subdiv_head_var_0.glb,9,bad,bad,0.4424119969497796,chaos_LeftCheekBind,True
middleeast_female_auth_middleeast_f_0009_frame_0008_subdiv_head_var_0.glb,9,bad,bad,0.46168442429470374,chaos_RightEyeSocketBind,True
middleeast_female_auth_middleeast_f_0009_frame_0010_subdiv_head_var_0.glb,9,bad,bad,0.4587695091725512,chaos_RightEyeSocketBind,True
middleeast_female_auth_middleeast_f_0009_frame_0010_subdiv_head_var_0.glb,9,bad,bad,0.47683049205783684,chaos_LeftCheekBind,True
middleeast_female_auth_middleeast_f_0028_frame_0002_subdiv_head_var_0.glb,28,bad,bad,0.3950727967595033,chaos_JawBind,True
middleeast_female_auth_middleeast_f_0028_frame_0002_subdiv_head_var_0.glb,28,bad,bad,0.4840242096628226,chaos_RightEyeSocketBind,True
middleeast_female_auth_middleeast_f_0028_frame_0004_subdiv_head_var_0.glb,28,bad,good,0.560790307784122,chaos_LeftCheekBoneBind,False
middleeast_female_auth_middleeast_f_0028_frame_0005_subdiv_head_var_0.glb,28,bad,good,0.5058089702218695,chaos_RightEyeSocketBind,False
middleeast_male_auth_middleeast_m_0011_frame_0001_subdiv_head_var_0.glb,11,bad,good,0.5109910294102802,chaos_LeftCheekBind,False
middleeast_male_auth_middleeast_m_0011_frame_0001_subdiv_head_var_0.glb,11,bad,bad,0.4858059007487633,chaos_MouthBind,True
middleeast_male_auth_middleeast_m_0011_frame_0002_subdiv_head_var_0.glb,11,bad,bad,0.43099651247584375,chaos_MouthBind,True
middleeast_male_auth_middleeast_m_0011_frame_0002_subdiv_head_var_0.glb,11,bad,good,0.537557717925957,chaos_MouthInnerBind,False
middleeast_male_auth_middleeast_m_0011_frame_0003_subdiv_head_var_0.glb,11,bad,bad,0.4865345581222569,chaos_RightEyeSocketBind,True
middleeast_male_auth_middleeast_m_0011_frame_0003_subdiv_head_var_0.glb,11,bad,good,0.5131228468511216,chaos_MouthBind,False
middleeast_male_auth_middleeast_m_0011_frame_0004_subdiv_head_var_0.glb,11,bad,bad,0.4681496316494615,chaos_RightCheekBind,True
middleeast_male_auth_middleeast_m_0011_frame_0005_subdiv_head_var_0.glb,11,bad,bad,0.44715237743060304,chaos_JawBind,True
middleeast_male_auth_middleeast_m_0011_frame_0005_subdiv_head_var_0.glb,11,bad,good,0.5496694166125619,chaos_MouthInnerBind,False
middleeast_male_auth_middleeast_m_0011_frame_0006_subdiv_head_var_0.glb,11,bad,bad,0.4044490111969493,chaos_MouthBind,True
middleeast_male_auth_middleeast_m_0011_frame_0006_subdiv_head_var_0.glb,11,bad,good,0.515649032466371,chaos_MouthInnerBind,False
middleeast_male_auth_middleeast_m_0011_frame_0007_subdiv_head_var_0.glb,11,bad,good,0.6093850009975835,chaos_RightEyeSocketBind,False
middleeast_male_auth_middleeast_m_0011_frame_0008_subdiv_head_var_0.glb,11,bad,bad,0.4896494512432563,chaos_MouthBind,True
middleeast_male_auth_middleeast_m_0011_frame_0009_subdiv_head_var_0.glb,11,bad,bad,0.420183287182846,chaos_JawBind,True
middleeast_male_auth_middleeast_m_0025_frame_0001_subdiv_head_var_0.glb,25,bad,good,0.5158017603241072,chaos_MouthInnerBind,False
middleeast_male_auth_middleeast_m_0025_frame_0001_subdiv_head_var_0.glb,25,bad,bad,0.4984683046438933,chaos_RightEyeSocketBind,True
middleeast_male_auth_middleeast_m_0025_frame_0002_subdiv_head_var_0.glb,25,bad,good,0.5443386044732396,chaos_JawBind,False
middleeast_male_auth_middleeast_m_0025_frame_0002_subdiv_head_var_0.glb,25,bad,bad,0.4512501130176921,chaos_RightEyeSocketBind,True
middleeast_male_auth_middleeast_m_0025_frame_0003_subdiv_head_var_0.glb,25,bad,good,0.500859711546909,chaos_LeftBrowBind,False
middleeast_male_auth_middleeast_m_0025_frame_0004_subdiv_head_var_0.glb,25,bad,bad,0.4910377858792405,chaos_JawBind,True
middleeast_male_auth_middleeast_m_0025_frame_0005_subdiv_head_var_0.glb,25,bad,bad,0.4702137753513453,chaos_JawBind,True
middleeast_male_auth_middleeast_m_0025_frame_0005_subdiv_head_var_0.glb,25,bad,good,0.5059970642501848,chaos_MouthInnerBind,False
middleeast_male_auth_middleeast_m_0025_frame_0006_subdiv_head_var_0.glb,25,bad,good,0.5192711389814829,chaos_MouthInnerBind,False
middleeast_male_auth_middleeast_m_0025_frame_0006_subdiv_head_var_0.glb,25,bad,good,0.5433297759765345,chaos_LeftCheekBind,False
middleeast_male_auth_middleeast_m_0025_frame_0007_subdiv_head_var_0.glb,25,bad,good,0.5322386644702286,chaos_JawBind,False
middleeast_male_auth_middleeast_m_0025_frame_0007_subdiv_head_var_0.glb,25,bad,good,0.5860946944872207,chaos_FaceBind,False
middleeast_male_auth_middleeast_m_0025_frame_0008_subdiv_head_var_0.glb,25,bad,good,0.5740515337814034,chaos_LeftCheekBoneBind,False
middleeast_male_auth_middleeast_m_0025_frame_0009_subdiv_head_var_0.glb,25,bad,bad,0.4953984275906263,chaos_LeftCheekBind,True
middleeast_male_auth_middleeast_m_0025_frame_0009_subdiv_head_var_0.glb,25,bad,good,0.5877740056260204,chaos_MouthInnerBind,False
middleeast_male_auth_middleeast_m_0025_frame_0010_subdiv_head_var_0.glb,25,bad,good,0.5556986291213146,chaos_NoseBind,False
middleeast_male_auth_middleeast_m_0025_frame_0010_subdiv_head_var_0.glb,25,bad,good,0.5346661416784028,chaos_MouthInnerBind,False
middleeast_male_auth_middleeast_m_0043_frame_0001_subdiv_head_var_0.glb,43,bad,good,0.5573572715573396,chaos_MouthBind,False
middleeast_male_auth_middleeast_m_0043_frame_0002_subdiv_head_var_0.glb,43,bad,good,0.5459174495478222,chaos_FaceBind,False
middleeast_male_auth_middleeast_m_0043_frame_0003_subdiv_head_var_0.glb,43,bad,bad,0.4670882042432301,chaos_RightEyeSocketBind,True
middleeast_male_auth_middleeast_m_0043_frame_0004_subdiv_head_var_0.glb,43,bad,good,0.589524515630547,chaos_LeftCheekBind,False
middleeast_male_auth_middleeast_m_0043_frame_0005_subdiv_head_var_0.glb,43,bad,bad,0.41070529157027713,chaos_MouthBind,True
middleeast_male_auth_middleeast_m_0043_frame_0006_subdiv_head_var_0.glb,43,bad,bad,0.4806734032799841,chaos_JawBind,True
middleeast_male_auth_middleeast_m_0043_frame_0007_subdiv_head_var_0.glb,43,bad,good,0.5894011764871357,chaos_LeftCheekBoneBind,False
middleeast_male_auth_middleeast_m_0043_frame_0008_subdiv_head_var_0.glb,43,bad,bad,0.45640942489293734,chaos_MouthBind,True
middleeast_male_auth_middleeast_m_0043_frame_0009_subdiv_head_var_0.glb,43,bad,bad,0.4619177853776043,chaos_FaceBind,True
