asset,head_id,actual_label,predicted_label,proba_good,correct
african_female_auth_african_f_0020_frame_0001_subdiv_head_var_0.glb,20,good,bad,0.25107313712583357,False
african_female_auth_african_f_0022_frame_0001_subdiv_head_var_0.glb,22,good,bad,0.36739809233864473,False
african_female_auth_african_f_0022_frame_0002_subdiv_head_var_0.glb,22,good,bad,0.021121141640415012,False
african_female_auth_african_f_0022_frame_0002_subdiv_head_var_0.glb,22,good,bad,0.2382622787595613,False
african_female_auth_african_f_0022_frame_0003_subdiv_head_var_0.glb,22,good,bad,0.07948142050322746,False
african_female_auth_african_f_0022_frame_0004_subdiv_head_var_0.glb,22,good,bad,0.4763399718572242,False
african_female_auth_african_f_0022_frame_0006_subdiv_head_var_0.glb,22,good,bad,0.3678831419558881,False
african_female_auth_african_f_0022_frame_0007_subdiv_head_var_0.glb,22,good,bad,0.42217570342623734,False
african_female_auth_african_f_0023_frame_0005_subdiv_head_var_0.glb,23,good,bad,0.010931411036298773,False
african_female_auth_african_f_0023_frame_0005_subdiv_head_var_0.glb,23,good,bad,0.0218121896322562,False
african_female_auth_african_f_0023_frame_0006_subdiv_head_var_0.glb,23,good,bad,0.4162284701720643,False
african_female_auth_african_f_0023_frame_0006_subdiv_head_var_0.glb,23,good,bad,0.006587992904296827,False
african_female_auth_african_f_0023_frame_0007_subdiv_head_var_0.glb,23,good,bad,0.017761491782794292,False
african_female_auth_african_f_0023_frame_0007_subdiv_head_var_0.glb,23,good,bad,0.011341124345819952,False
african_female_auth_african_f_0037_frame_0002_subdiv_head_var_0.glb,37,good,bad,0.18576649537816634,False
african_female_auth_african_f_0061_frame_0002_subdiv_head_var_0.glb,61,good,bad,0.11156403423733566,False
african_male_auth_african_m_0001_frame_0006_subdiv_head_var_0.glb,1,good,bad,0.24611884741147266,False
african_male_auth_african_m_0001_frame_0009_subdiv_head_var_0.glb,1,good,bad,0.22400134880733513,False
african_male_auth_african_m_0005_frame_0004_subdiv_head_var_0.glb,5,good,bad,0.016392704674108475,False
african_male_auth_african_m_0005_frame_0010_subdiv_head_var_0.glb,5,good,bad,0.004544184920211348,False
african_male_auth_african_m_0026_frame_0001_subdiv_head_var_0.glb,26,good,bad,0.02139674105438785,False
african_male_auth_african_m_0026_frame_0002_subdiv_head_var_0.glb,26,good,bad,0.2140258833004633,False
african_male_auth_african_m_0026_frame_0005_subdiv_head_var_0.glb,26,good,bad,0.032658874074465716,False
asian_female_auth_asian_f_0003_frame_0001_subdiv_head_var_0.glb,3,good,bad,0.08451168298038851,False
asian_female_auth_asian_f_0003_frame_0002_subdiv_head_var_0.glb,3,good,good,0.8401030590829052,True
asian_female_auth_asian_f_0008_frame_0001_subdiv_head_var_0.glb,8,good,bad,0.09733000678979431,False
asian_female_auth_asian_f_0008_frame_0003_subdiv_head_var_0.glb,8,good,good,0.5342520068103507,True
asian_female_auth_asian_f_0009_frame_0001_subdiv_head_var_0.glb,9,good,good,0.757427825890714,True
asian_female_auth_asian_f_0010_frame_0001_subdiv_head_var_0.glb,10,good,bad,0.029930238097683158,False
asian_female_auth_asian_f_0013_frame_0002_subdiv_head_var_0.glb,13,good,bad,0.31264307626866966,False
asian_female_auth_asian_f_0013_frame_0004_subdiv_head_var_0.glb,13,good,bad,0.17046212876332842,False
asian_female_auth_asian_f_0013_frame_0005_subdiv_head_var_0.glb,13,good,bad,0.020941192888738965,False
asian_female_auth_asian_f_0013_frame_0007_subdiv_head_var_0.glb,13,good,bad,0.23813276385624033,False
asian_female_auth_asian_f_0013_frame_0007_subdiv_head_var_0.glb,13,good,good,0.9572468626127268,True
asian_female_auth_asian_f_0013_frame_0008_subdiv_head_var_0.glb,13,good,good,0.8088260839755471,True
asian_female_auth_asian_f_0013_frame_0008_subdiv_head_var_0.glb,13,good,bad,0.08005954308711216,False
asian_female_auth_asian_f_0013_frame_0009_subdiv_head_var_0.glb,13,good,bad,0.2549768396139645,False
asian_female_auth_asian_f_0013_frame_0009_subdiv_head_var_0.glb,13,good,bad,0.07584516609950656,False
asian_female_auth_asian_f_0022_frame_0001_subdiv_head_var_0.glb,22,good,bad,0.032602719741404114,False
asian_female_auth_asian_f_0022_frame_0001_subdiv_head_var_0.glb,22,good,bad,0.10489640952320156,False
asian_female_auth_asian_f_0022_frame_0002_subdiv_head_var_0.glb,22,good,good,0.575121275239258,True
asian_female_auth_asian_f_0022_frame_0002_subdiv_head_var_0.glb,22,good,bad,0.4281508071889633,False
asian_female_auth_asian_f_0022_frame_0002_subdiv_head_var_0.glb,22,good,bad,0.3797387912700998,False
asian_female_auth_asian_f_0022_frame_0003_subdiv_head_var_0.glb,22,good,bad,0.4181773361731842,False
asian_female_auth_asian_f_0022_frame_0004_subdiv_head_var_0.glb,22,good,good,0.5666292597103919,True
asian_female_auth_asian_f_0022_frame_0004_subdiv_head_var_0.glb,22,good,good,0.6582474573652521,True
asian_female_auth_asian_f_0022_frame_0007_subdiv_head_var_0.glb,22,good,good,0.918886191810537,True
asian_female_auth_asian_f_0022_frame_0007_subdiv_head_var_0.glb,22,good,bad,0.12951900683600356,False
asian_female_auth_asian_f_0022_frame_0009_subdiv_head_var_0.glb,22,good,bad,0.3128322571680649,False
asian_female_auth_asian_f_0022_frame_0010_subdiv_head_var_0.glb,22,good,bad,0.4767813767861381,False
asian_female_auth_asian_f_0022_frame_0010_subdiv_head_var_0.glb,22,good,good,0.9851386053903162,True
asian_female_auth_asian_f_0039_frame_0001_subdiv_head_var_0.glb,39,good,bad,0.21087243428734415,False
asian_female_auth_asian_f_0039_frame_0003_subdiv_head_var_0.glb,39,good,bad,0.022333197135295153,False
asian_female_auth_asian_f_0040_frame_0003_subdiv_head_var_0.glb,40,good,bad,0.01651284792706729,False
asian_male_auth_asian_m_0016_frame_0006_subdiv_head_var_0.glb,16,good,bad,0.28467076128114677,False
asian_male_auth_asian_m_0016_frame_0006_subdiv_head_var_0.glb,16,good,bad,0.18522963805553244,False
asian_male_auth_asian_m_0016_frame_0010_subdiv_head_var_0.glb,16,good,good,0.9121177691522513,True
asian_male_auth_asian_m_0027_frame_0001_subdiv_head_var_0.glb,27,good,bad,0.005074456765877333,False
asian_male_auth_asian_m_0027_frame_0003_subdiv_head_var_0.glb,27,good,bad,0.05285744849871342,False
asian_male_auth_asian_m_0034_frame_0001_subdiv_head_var_0.glb,34,good,bad,0.01094915842941821,False
asian_male_auth_asian_m_0034_frame_0003_subdiv_head_var_0.glb,34,good,bad,0.23788749901478773,False
asian_male_auth_asian_m_0035_frame_0003_subdiv_head_var_0.glb,35,good,bad,0.09625242327941048,False
asian_male_auth_asian_m_0042_frame_0002_subdiv_head_var_0.glb,42,good,bad,0.034484903539295834,False
asian_male_auth_asian_m_0043_frame_0003_subdiv_head_var_0.glb,43,good,bad,0.2481961775990339,False
asian_male_auth_asian_m_0048_frame_0003_subdiv_head_var_0.glb,48,good,bad,0.10281278955451328,False
asian_male_auth_asian_m_0048_frame_0004_subdiv_head_var_0.glb,48,good,bad,0.37148892638607556,False
asian_male_auth_asian_m_0048_frame_0006_subdiv_head_var_0.glb,48,good,good,0.6445672773275836,True
asian_male_auth_asian_m_0048_frame_0007_subdiv_head_var_0.glb,48,good,bad,0.12467369321555162,False
asian_male_auth_asian_m_0048_frame_0008_subdiv_head_var_0.glb,48,good,bad,0.07737274161377264,False
asian_male_auth_asian_m_0048_frame_0010_subdiv_head_var_0.glb,48,good,good,0.6058000837817507,True
asian_male_auth_asian_m_0051_frame_0003_subdiv_head_var_0.glb,51,good,bad,0.18250438387724746,False
asian_male_auth_asian_m_0051_frame_0004_subdiv_head_var_0.glb,51,good,good,0.7437294704109267,True
asian_male_auth_asian_m_0051_frame_0005_subdiv_head_var_0.glb,51,good,bad,0.42783682320830135,False
asian_male_auth_asian_m_0051_frame_0008_subdiv_head_var_0.glb,51,good,good,0.9417640852178998,True
auth_african_f_0012_frame_0012_subdiv_auth_african_f_0012_head.glb,12,good,good,0.9987638754239967,True
auth_african_f_0019_frame_0019_subdiv_auth_african_f_0019_head.glb,19,good,good,0.9995656632756462,True
auth_african_f_0020_frame_0020_subdiv_auth_african_f_0020_head.glb,20,good,good,0.9998890542750543,True
auth_african_f_0022_frame_0001_subdiv_auth_african_f_0022_head.glb,22,good,good,0.9993092085738702,True
auth_african_f_0023_frame_0002_subdiv_auth_african_f_0023_head.glb,23,good,good,0.9997529730436668,True
auth_african_f_0024_frame_0021_subdiv_auth_african_f_0024_head.glb,24,good,good,0.9998623266185299,True
auth_african_f_0037_frame_0022_subdiv_auth_african_f_0037_head.glb,37,good,good,0.999889129555554,True
auth_african_f_0056_frame_0023_subdiv_auth_african_f_0056_head.glb,56,good,good,0.9999442486327002,True
auth_african_m_0001_frame_0025_subdiv_auth_african_m_0001_head.glb,1,good,good,0.9998472123254962,True
auth_african_m_0003_frame_0026_subdiv_auth_african_m_0003_head.glb,3,good,good,0.999607582941762,True
auth_african_m_0004_frame_0027_subdiv_auth_african_m_0004_head.glb,4,good,good,0.999896602809401,True
auth_african_m_0005_frame_0110_subdiv_auth_african_m_0005_head.glb,5,good,good,0.9998748599183119,True
auth_african_m_0026_frame_0111_subdiv_auth_african_m_0026_head.glb,26,good,good,0.999808822352595,True
auth_asian_f_0003_frame_0029_subdiv_auth_asian_f_0003_head.glb,3,good,good,0.999774612593701,True
auth_asian_f_0008_frame_0030_subdiv_auth_asian_f_0008_head.glb,8,good,good,0.9997884149462938,True
auth_asian_f_0009_frame_0031_subdiv_auth_asian_f_0009_head.glb,9,good,good,0.9998395263036474,True
auth_asian_f_0010_frame_0032_subdiv_auth_asian_f_0010_head.glb,10,good,good,0.9997108300769428,True
auth_asian_f_0011_frame_0033_subdiv_auth_asian_f_0011_head.glb,11,good,good,0.9996611684465039,True
auth_asian_f_0013_frame_0011_subdiv_auth_asian_f_0013_head.glb,13,good,good,0.9998791678617468,True
auth_asian_f_0014_frame_0003_subdiv_auth_asian_f_0014_head.glb,14,good,good,0.9994442052366939,True
auth_asian_f_0016_frame_0034_subdiv_auth_asian_f_0016_head.glb,16,good,good,0.9998442779467522,True
auth_asian_f_0018_frame_0035_subdiv_auth_asian_f_0018_head.glb,18,good,good,0.9997526858720933,True
auth_asian_f_0021_frame_0036_subdiv_auth_asian_f_0021_head.glb,21,good,good,0.9998690799803256,True
auth_asian_f_0022_frame_0003_subdiv_head.glb,22,good,bad,0.00013765291390130575,False
auth_asian_f_0022_frame_0004_subdiv_auth_asian_f_0022_head.glb,22,good,good,0.9996355052984037,True
auth_asian_f_0022_frame_0004_subdiv_head.glb,22,good,bad,0.0026199750040820174,False
auth_asian_f_0022_frame_0006_subdiv_head.glb,22,good,bad,0.0006606385562109528,False
auth_asian_f_0022_frame_0008_subdiv_head.glb,22,good,bad,0.0005403431027268395,False
auth_asian_f_0022_frame_0009_subdiv_head.glb,22,good,bad,0.01630046272449534,False
auth_asian_f_0026_frame_0037_subdiv_auth_asian_f_0026_head.glb,26,good,good,0.9999057254799045,True
auth_asian_f_0029_frame_0038_subdiv_auth_asian_f_0029_head.glb,29,good,good,0.9998290980103496,True
auth_asian_f_0033_frame_0039_subdiv_auth_asian_f_0033_head.glb,33,good,good,0.9991210745794823,True
auth_asian_f_0034_frame_0040_subdiv_auth_asian_f_0034_head.glb,34,good,good,0.9993126437702305,True
auth_asian_f_0035_frame_0041_subdiv_auth_asian_f_0035_head.glb,35,good,good,0.9993917741443183,True
auth_asian_f_0036_frame_0042_subdiv_auth_asian_f_0036_head.glb,36,good,good,0.9995159437938967,True
auth_asian_f_0039_frame_0043_subdiv_auth_asian_f_0039_head.glb,39,good,good,0.9988528132339818,True
auth_asian_f_0040_frame_0044_subdiv_auth_asian_f_0040_head.glb,40,good,good,0.9997907987301263,True
auth_asian_f_0041_frame_0045_subdiv_auth_asian_f_0041_head.glb,41,good,good,0.9994581505948309,True
auth_asian_f_0049_frame_0046_subdiv_auth_asian_f_0049_head.glb,49,good,good,0.9998997917475028,True
auth_asian_f_0054_frame_0047_subdiv_auth_asian_f_0054_head.glb,54,good,good,0.9998889476404902,True
auth_asian_f_0061_frame_0048_subdiv_auth_asian_f_0061_head.glb,61,good,good,0.9994502701320276,True
auth_asian_f_0069_frame_0049_subdiv_auth_asian_f_0069_head.glb,69,good,good,0.9993151194276536,True
auth_asian_m_0011_frame_0050_subdiv_auth_asian_m_0011_head.glb,11,good,good,0.9997842974640806,True
auth_asian_m_0014_frame_0051_subdiv_auth_asian_m_0014_head.glb,14,good,good,0.9998210879562202,True
auth_asian_m_0016_frame_0005_subdiv_auth_asian_m_0016_head.glb,16,good,good,0.9998008254062022,True
auth_asian_m_0017_frame_0052_subdiv_auth_asian_m_0017_head.glb,17,good,good,0.9998330877502938,True
auth_asian_m_0019_frame_0053_subdiv_auth_asian_m_0019_head.glb,19,good,good,0.9998281628290606,True
auth_asian_m_0023_frame_0054_subdiv_auth_asian_m_0023_head.glb,23,good,good,0.9998518078363425,True
auth_asian_m_0025_frame_0055_subdiv_auth_asian_m_0025_head.glb,25,good,good,0.9997520326650715,True
auth_asian_m_0027_frame_0056_subdiv_auth_asian_m_0027_head.glb,27,good,good,0.9994603301538707,True
auth_asian_m_0029_frame_0057_subdiv_auth_asian_m_0029_head.glb,29,good,good,0.9998594206670962,True
auth_asian_m_0033_frame_0058_subdiv_auth_asian_m_0033_head.glb,33,good,good,0.9996694350550406,True
auth_asian_m_0034_frame_0059_subdiv_auth_asian_m_0034_head.glb,34,good,good,0.9996110105415728,True
auth_asian_m_0035_frame_0060_subdiv_auth_asian_m_0035_head.glb,35,good,good,0.9997402033627866,True
auth_asian_m_0037_frame_0061_subdiv_auth_asian_m_0037_head.glb,37,good,good,0.9998408706995684,True
auth_asian_m_0042_frame_0062_subdiv_auth_asian_m_0042_head.glb,42,good,good,0.9986368325002075,True
auth_asian_m_0043_frame_0063_subdiv_auth_asian_m_0043_head.glb,43,good,good,0.9997834790007382,True
auth_asian_m_0048_frame_0112_subdiv_auth_asian_m_0048_head.glb,48,good,good,0.9998738853417779,True
auth_asian_m_0051_frame_0064_subdiv_auth_asian_m_0051_head.glb,51,good,good,0.9998532563546558,True
auth_asian_m_0062_frame_0065_subdiv_auth_asian_m_0062_head.glb,62,good,good,0.999877178700713,True
auth_caucasian_f_0002_frame_0067_subdiv_auth_caucasian_f_0002_head.glb,2,good,good,0.9998120545007487,True
auth_caucasian_f_0003_frame_0068_subdiv_auth_caucasian_f_0003_head.glb,3,good,good,0.9996465590101732,True
auth_caucasian_f_0007_frame_0069_subdiv_auth_caucasian_f_0007_head.glb,7,good,good,0.9996320035032721,True
auth_caucasian_f_0008_frame_0070_subdiv_auth_caucasian_f_0008_head.glb,8,good,good,0.999583084342744,True
auth_caucasian_f_0009_frame_0071_subdiv_auth_caucasian_f_0009_head.glb,9,good,good,0.999884014557333,True
auth_caucasian_f_0028_frame_0072_subdiv_auth_caucasian_f_0028_head.glb,28,good,good,0.9999315999384067,True
auth_caucasian_f_0031_frame_0073_subdiv_auth_caucasian_f_0031_head.glb,31,good,good,0.9998501248717813,True
auth_caucasian_m_0016_frame_0074_subdiv_auth_caucasian_m_0016_head.glb,16,good,good,0.9998415001137699,True
auth_caucasian_m_0024_frame_0075_subdiv_auth_caucasian_m_0024_head.glb,24,good,good,0.9998735661565024,True
auth_caucasian_m_0025_frame_0006_subdiv_auth_caucasian_m_0025_head.glb,25,good,good,0.9999283060584682,True
auth_caucasian_m_0028_frame_0076_subdiv_auth_caucasian_m_0028_head.glb,28,good,good,0.9998211328531937,True
auth_caucasian_m_0034_frame_0077_subdiv_auth_caucasian_m_0034_head.glb,34,good,good,0.9998407687825839,True
auth_latino_f_0005_frame_0013_subdiv_auth_latino_f_0005_head.glb,5,good,good,0.9985662744370651,True
auth_latino_f_0006_frame_0014_subdiv_auth_latino_f_0006_head.glb,6,good,good,0.9998667771543237,True
auth_latino_f_0014_frame_0113_subdiv_auth_latino_f_0014_head.glb,14,good,good,0.9998434945882407,True
auth_latino_f_0018_frame_0078_subdiv_auth_latino_f_0018_head.glb,18,good,good,0.9978160395519425,True
auth_latino_f_0020_frame_0015_subdiv_auth_latino_f_0020_head.glb,20,good,good,0.9998430742699691,True
auth_latino_f_0027_frame_0079_subdiv_auth_latino_f_0027_head.glb,27,good,good,0.9998368602682007,True
auth_latino_f_0031_frame_0114_subdiv_auth_latino_f_0031_head.glb,31,good,good,0.9999460619675833,True
auth_latino_f_0032_frame_0080_subdiv_auth_latino_f_0032_head.glb,32,good,good,0.999799257729864,True
auth_latino_f_0036_frame_0081_subdiv_auth_latino_f_0036_head.glb,36,good,good,0.9998605202166598,True
auth_latino_f_0040_frame_0082_subdiv_auth_latino_f_0040_head.glb,40,good,good,0.9998118041501283,True
auth_latino_f_0041_frame_0083_subdiv_auth_latino_f_0041_head.glb,41,good,good,0.9999376536104123,True
auth_latino_f_0047_frame_0084_subdiv_auth_latino_f_0047_head.glb,47,good,good,0.9999527244640795,True
auth_latino_f_0048_frame_0085_subdiv_auth_latino_f_0048_head.glb,48,good,good,0.9999135695781205,True
auth_latino_f_0058_frame_0016_subdiv_auth_latino_f_0058_head.glb,58,good,good,0.999870917944118,True
auth_latino_m_0002_frame_0115_subdiv_auth_latino_m_0002_head.glb,2,good,good,0.9995122223027001,True
auth_latino_m_0017_frame_0017_subdiv_auth_latino_m_0017_head.glb,17,good,good,0.9999017180523252,True
auth_latino_m_0036_frame_0116_subdiv_auth_latino_m_0036_head.glb,36,good,good,0.9993340233021509,True
auth_latino_m_0041_frame_0086_subdiv_auth_latino_m_0041_head.glb,41,good,good,0.9999048064970781,True
auth_latino_m_0042_frame_0087_subdiv_auth_latino_m_0042_head.glb,42,good,good,0.9998986566732199,True
auth_latino_m_0043_frame_0088_subdiv_auth_latino_m_0043_head.glb,43,good,good,0.9998483851104208,True
auth_latino_m_0049_frame_0018_subdiv_auth_latino_m_0049_head.glb,49,good,good,0.9999279493057136,True
auth_latino_m_0058_frame_0089_subdiv_auth_latino_m_0058_head.glb,58,good,good,0.9998803957387307,True
auth_latino_m_0064_frame_0090_subdiv_auth_latino_m_0064_head.glb,64,good,good,0.9998523383210777,True
auth_middleeast_f_0005_frame_0091_subdiv_auth_middleeast_f_0005_head.glb,5,good,good,0.9999374645994032,True
auth_middleeast_f_0006_frame_0092_subdiv_auth_middleeast_f_0006_head.glb,6,good,good,0.9999209149216588,True
auth_middleeast_f_0009_frame_0002_subdiv_head.glb,9,good,bad,0.006393559494418166,False
auth_middleeast_f_0009_frame_0002_subdiv_head.glb,9,good,bad,0.0004081998628336383,False
auth_middleeast_f_0009_frame_0007_subdiv_auth_middleeast_f_0009_head.glb,9,good,good,0.9999362065744274,True
auth_middleeast_f_0011_frame_0093_subdiv_auth_middleeast_f_0011_head.glb,11,good,good,0.9996446610494322,True
auth_middleeast_f_0013_frame_0094_subdiv_auth_middleeast_f_0013_head.glb,13,good,good,0.9996675940479862,True
auth_middleeast_f_0015_frame_0095_subdiv_auth_middleeast_f_0015_head.glb,15,good,good,0.9997217642792897,True
auth_middleeast_f_0016_frame_0096_subdiv_auth_middleeast_f_0016_head.glb,16,good,good,0.9998905410662366,True
auth_middleeast_f_0021_frame_0097_subdiv_auth_middleeast_f_0021_head.glb,21,good,good,0.9995084223904616,True
auth_middleeast_f_0028_frame_0008_subdiv_auth_middleeast_f_0028_head.glb,28,good,good,0.999692053491632,True
auth_middleeast_f_0032_frame_0098_subdiv_auth_middleeast_f_0032_head.glb,32,good,good,0.9988186891496491,True
auth_middleeast_f_0036_frame_0099_subdiv_auth_middleeast_f_0036_head.glb,36,good,good,0.999256397843174,True
auth_middleeast_f_0041_frame_0100_subdiv_auth_middleeast_f_0041_head.glb,41,good,good,0.9999209496435505,True
auth_middleeast_f_0042_frame_0101_subdiv_auth_middleeast_f_0042_head.glb,42,good,good,0.9994156370026956,True
auth_middleeast_f_0045_frame_0102_subdiv_auth_middleeast_f_0045_head.glb,45,good,good,0.9996072708710377,True
auth_middleeast_f_0064_frame_0103_subdiv_auth_middleeast_f_0064_head.glb,64,good,good,0.9997228544310354,True
auth_middleeast_m_0005_frame_0104_subdiv_auth_middleeast_m_0005_head.glb,5,good,good,0.9998515117665496,True
auth_middleeast_m_0006_frame_0105_subdiv_auth_middleeast_m_0006_head.glb,6,good,good,0.9996547262686352,True
auth_middleeast_m_0008_frame_0106_subdiv_auth_middleeast_m_0008_head.glb,8,good,good,0.9998146450899958,True
auth_middleeast_m_0011_frame_0009_subdiv_auth_middleeast_m_0011_head.glb,11,good,good,0.9997517426635317,True
auth_middleeast_m_0012_frame_0107_subdiv_auth_middleeast_m_0012_head.glb,12,good,good,0.9996540759437788,True
auth_middleeast_m_0025_frame_0010_subdiv_auth_middleeast_m_0025_head.glb,25,good,good,0.999878251718306,True
auth_middleeast_m_0033_frame_0108_subdiv_auth_middleeast_m_0033_head.glb,33,good,good,0.9995492385123382,True
auth_middleeast_m_0043_frame_0117_subdiv_auth_middleeast_m_0043_head.glb,43,good,good,0.9997379965446392,True
auth_middleeast_m_0069_frame_0109_subdiv_auth_middleeast_m_0069_head.glb,69,good,good,0.999770960377331,True
caucasian_female_auth_caucasian_f_0003_frame_0002_subdiv_head_var_0.glb,3,good,bad,0.008168219573075246,False
caucasian_female_auth_caucasian_f_0003_frame_0003_subdiv_head_var_0.glb,3,good,bad,0.1349066856259461,False
caucasian_male_auth_caucasian_m_0025_frame_0001_subdiv_head_var_0.glb,25,good,good,0.8392327751586286,True
caucasian_male_auth_caucasian_m_0025_frame_0003_subdiv_head_var_0.glb,25,good,good,0.8849036131561611,True
caucasian_male_auth_caucasian_m_0025_frame_0003_subdiv_head_var_0.glb,25,good,good,0.7420346988203746,True
caucasian_male_auth_caucasian_m_0025_frame_0005_subdiv_head_var_0.glb,25,good,good,0.6143046946507802,True
caucasian_male_auth_caucasian_m_0025_frame_0007_subdiv_head_var_0.glb,25,good,bad,0.39451894491709705,False
caucasian_male_auth_caucasian_m_0025_frame_0009_subdiv_head_var_0.glb,25,good,bad,0.1989007333555696,False
caucasian_male_auth_caucasian_m_0025_frame_0009_subdiv_head_var_0.glb,25,good,good,0.5414723499270253,True
caucasian_male_auth_caucasian_m_0034_frame_0002_subdiv_head_var_0.glb,34,good,bad,0.09393829750988274,False
latino_female_auth_latino_f_0014_frame_0006_subdiv_head_var_0.glb,14,good,bad,0.2997024452388097,False
latino_female_auth_latino_f_0014_frame_0007_subdiv_head_var_0.glb,14,good,bad,0.006309962036957008,False
latino_female_auth_latino_f_0014_frame_0008_subdiv_head_var_0.glb,14,good,bad,0.1712800190898608,False
latino_female_auth_latino_f_0018_frame_0001_subdiv_head_var_0.glb,18,good,bad,0.2270746449364914,False
latino_female_auth_latino_f_0027_frame_0002_subdiv_head_var_0.glb,27,good,bad,0.004746772025304717,False
latino_female_auth_latino_f_0031_frame_0010_subdiv_head_var_0.glb,31,good,good,0.812274741092314,True
latino_female_auth_latino_f_0032_frame_0002_subdiv_head_var_0.glb,32,good,good,0.5403326486582795,True
latino_female_auth_latino_f_0040_frame_0002_subdiv_head_var_0.glb,40,good,bad,0.10978788261129929,False
latino_male_auth_latino_m_0002_frame_0003_subdiv_head_var_0.glb,2,good,good,0.6132924768540391,True
latino_male_auth_latino_m_0002_frame_0010_subdiv_head_var_0.glb,2,good,bad,0.12433045189427819,False
latino_male_auth_latino_m_0036_frame_0008_subdiv_head_var_0.glb,36,good,good,0.817140775844902,True
middleeast_female_auth_middleeast_f_0009_frame_0002_subdiv_head_var_0.glb,9,good,bad,0.014038782895684316,False
middleeast_female_auth_middleeast_f_0009_frame_0002_subdiv_head_var_0.glb,9,good,bad,0.044711536387483056,False
middleeast_female_auth_middleeast_f_0009_frame_0004_subdiv_head_var_0.glb,9,good,bad,0.027195178157813468,False
middleeast_female_auth_middleeast_f_0009_frame_0005_subdiv_head_var_0.glb,9,good,bad,0.03007691979793222,False
middleeast_female_auth_middleeast_f_0009_frame_0007_subdiv_head_var_0.glb,9,good,bad,0.018414990192475205,False
middleeast_female_auth_middleeast_f_0009_frame_0007_subdiv_head_var_0.glb,9,good,bad,0.005444246478380239,False
middleeast_female_auth_middleeast_f_0009_frame_0009_subdiv_head_var_0.glb,9,good,bad,0.07015825203958809,False
middleeast_female_auth_middleeast_f_0009_frame_0009_subdiv_head_var_0.glb,9,good,bad,0.0028631594012261657,False
middleeast_female_auth_middleeast_f_0013_frame_0003_subdiv_head_var_0.glb,13,good,bad,0.3936687920288182,False
middleeast_female_auth_middleeast_f_0028_frame_0001_subdiv_head_var_0.glb,28,good,bad,0.06895915743292531,False
middleeast_female_auth_middleeast_f_0028_frame_0001_subdiv_head_var_0.glb,28,good,bad,0.011451620698972195,False
middleeast_female_auth_middleeast_f_0028_frame_0001_subdiv_head_var_0.glb,28,good,bad,0.0010032120521220184,False
middleeast_female_auth_middleeast_f_0028_frame_0003_subdiv_head_var_0.glb,28,good,bad,0.09328612693743005,False
middleeast_female_auth_middleeast_f_0028_frame_0003_subdiv_head_var_0.glb,28,good,bad,0.04907227425002101,False
middleeast_female_auth_middleeast_f_0028_frame_0004_subdiv_head_var_0.glb,28,good,bad,0.09839242335510867,False
middleeast_female_auth_middleeast_f_0028_frame_0005_subdiv_head_var_0.glb,28,good,bad,0.06723195366808177,False
middleeast_female_auth_middleeast_f_0028_frame_0006_subdiv_head_var_0.glb,28,good,bad,0.08438747968339502,False
middleeast_female_auth_middleeast_f_0028_frame_0006_subdiv_head_var_0.glb,28,good,bad,0.010756210146220718,False
middleeast_female_auth_middleeast_f_0028_frame_0007_subdiv_head_var_0.glb,28,good,bad,0.08967756550915801,False
middleeast_female_auth_middleeast_f_0028_frame_0007_subdiv_head_var_0.glb,28,good,bad,0.02362159566442077,False
middleeast_female_auth_middleeast_f_0028_frame_0008_subdiv_head_var_0.glb,28,good,bad,0.1833427722125045,False
middleeast_female_auth_middleeast_f_0028_frame_0008_subdiv_head_var_0.glb,28,good,bad,0.3710762294031284,False
middleeast_female_auth_middleeast_f_0028_frame_0009_subdiv_head_var_0.glb,28,good,bad,0.10901276757056608,False
middleeast_female_auth_middleeast_f_0028_frame_0009_subdiv_head_var_0.glb,28,good,bad,0.45407821554527444,False
middleeast_female_auth_middleeast_f_0028_frame_0010_subdiv_head_var_0.glb,28,good,bad,0.49149947141093303,False
middleeast_female_auth_middleeast_f_0028_frame_0010_subdiv_head_var_0.glb,28,good,bad,0.11784920593618647,False
middleeast_female_auth_middleeast_f_0041_frame_0003_subdiv_head_var_0.glb,41,good,bad,0.15089914377225855,False
middleeast_male_auth_middleeast_m_0011_frame_0001_subdiv_head_var_0.glb,11,good,bad,0.2101566710464825,False
middleeast_male_auth_middleeast_m_0011_frame_0004_subdiv_head_var_0.glb,11,good,bad,0.3181812115796133,False
middleeast_male_auth_middleeast_m_0011_frame_0007_subdiv_head_var_0.glb,11,good,good,0.686985801679034,True
middleeast_male_auth_middleeast_m_0011_frame_0008_subdiv_head_var_0.glb,11,good,bad,0.03778885002486227,False
middleeast_male_auth_middleeast_m_0011_frame_0009_subdiv_head_var_0.glb,11,good,bad,0.026211146189253576,False
middleeast_male_auth_middleeast_m_0011_frame_0010_subdiv_head_var_0.glb,11,good,bad,0.3786043237067443,False
middleeast_male_auth_middleeast_m_0011_frame_0010_subdiv_head_var_0.glb,11,good,bad,0.013854846332242536,False
middleeast_male_auth_middleeast_m_0025_frame_0003_subdiv_head_var_0.glb,25,good,bad,0.12272958865567021,False
middleeast_male_auth_middleeast_m_0025_frame_0004_subdiv_head_var_0.glb,25,good,bad,0.020533808832400444,False
middleeast_male_auth_middleeast_m_0025_frame_0008_subdiv_head_var_0.glb,25,good,bad,0.0025021541459476922,False
middleeast_male_auth_middleeast_m_0033_frame_0001_subdiv_head_var_0.glb,33,good,bad,0.1286903385364922,False
middleeast_male_auth_middleeast_m_0043_frame_0010_subdiv_head_var_0.glb,43,good,bad,0.2180422114994449,False
african_female_auth_african_f_0012_frame_0001_subdiv_head_var_0.glb,12,bad,bad,0.0002269506119958444,True
african_female_auth_african_f_0012_frame_0002_subdiv_head_var_0.glb,12,bad,bad,0.2624225946650079,True
african_female_auth_african_f_0012_frame_0003_subdiv_head_var_0.glb,12,bad,bad,0.012860399911377992,True
african_female_auth_african_f_0020_frame_0002_subdiv_head_var_0.glb,20,bad,bad,0.000256382914862569,True
african_female_auth_african_f_0022_frame_0001_subdiv_head_var_0.glb,22,bad,bad,0.06933752163392805,True
african_female_auth_african_f_0022_frame_0004_subdiv_head_var_0.glb,22,bad,bad,0.4368388138429927,True
african_female_auth_african_f_0022_frame_0005_subdiv_head_var_0.glb,22,bad,bad,0.12495650327528562,True
african_female_auth_african_f_0022_frame_0006_subdiv_head_var_0.glb,22,bad,bad,0.37131818494168894,True
african_female_auth_african_f_0022_frame_0008_subdiv_head_var_0.glb,22,bad,bad,0.10870601431866371,True
african_female_auth_african_f_0022_frame_0008_subdiv_head_var_0.glb,22,bad,good,0.5537264826889482,False
african_female_auth_african_f_0022_frame_0009_subdiv_head_var_0.glb,22,bad,bad,0.1422234756943677,True
african_female_auth_african_f_0022_frame_0009_subdiv_head_var_0.glb,22,bad,bad,0.24891667015762084,True
african_female_auth_african_f_0022_frame_0010_subdiv_head_var_0.glb,22,bad,bad,0.2188156247263107,True
african_female_auth_african_f_0022_frame_0010_subdiv_head_var_0.glb,22,bad,bad,0.01862455928625542,True
african_female_auth_african_f_0023_frame_0001_subdiv_head_var_0.glb,23,bad,bad,0.0023816440892217763,True
african_female_auth_african_f_0023_frame_0001_subdiv_head_var_0.glb,23,bad,bad,0.04714288009160033,True
african_female_auth_african_f_0023_frame_0002_subdiv_head_var_0.glb,23,bad,bad,0.003487498155589148,True
african_female_auth_african_f_0023_frame_0002_subdiv_head_var_0.glb,23,bad,bad,0.36222115604474225,True
african_female_auth_african_f_0023_frame_0003_subdiv_head_var_0.glb,23,bad,bad,0.0850877144285358,True
african_female_auth_african_f_0023_frame_0003_subdiv_head_var_0.glb,23,bad,bad,0.0038975928196022676,True
african_female_auth_african_f_0023_frame_0004_subdiv_head_var_0.glb,23,bad,bad,0.008964823684502294,True
african_female_auth_african_f_0023_frame_0008_subdiv_head_var_0.glb,23,bad,bad,0.06651503272236806,True
african_female_auth_african_f_0023_frame_0008_subdiv_head_var_0.glb,23,bad,bad,0.01529558185183996,True
african_female_auth_african_f_0023_frame_0009_subdiv_head_var_0.glb,23,bad,bad,0.0007212818562927324,True
african_female_auth_african_f_0023_frame_0009_subdiv_head_var_0.glb,23,bad,good,0.7418009820812301,False
african_female_auth_african_f_0023_frame_0010_subdiv_head_var_0.glb,23,bad,bad,0.0023503015082155664,True
african_female_auth_african_f_0023_frame_0010_subdiv_head_var_0.glb,23,bad,bad,0.13169843345748677,True
african_female_auth_african_f_0037_frame_0003_subdiv_head_var_0.glb,37,bad,bad,0.04047469274556221,True
african_female_auth_african_f_0061_frame_0001_subdiv_head_var_0.glb,61,bad,bad,0.0020577068554871224,True
african_female_auth_african_f_0061_frame_0003_subdiv_head_var_0.glb,61,bad,bad,0.0005626758190647043,True
african_male_auth_african_m_0001_frame_0001_subdiv_head_var_0.glb,1,bad,bad,0.022120405659376036,True
african_male_auth_african_m_0001_frame_0002_subdiv_head_var_0.glb,1,bad,bad,0.16905695150102004,True
african_male_auth_african_m_0001_frame_0003_subdiv_head_var_0.glb,1,bad,bad,0.04627946322180828,True
african_male_auth_african_m_0001_frame_0004_subdiv_head_var_0.glb,1,bad,bad,0.0067365372519896235,True
african_male_auth_african_m_0001_frame_0005_subdiv_head_var_0.glb,1,bad,bad,0.011406277492727672,True
african_male_auth_african_m_0001_frame_0007_subdiv_head_var_0.glb,1,bad,bad,0.004086475764242057,True
african_male_auth_african_m_0001_frame_0008_subdiv_head_var_0.glb,1,bad,bad,0.0022035878149674684,True
african_male_auth_african_m_0001_frame_0010_subdiv_head_var_0.glb,1,bad,bad,0.00375143910938871,True
african_male_auth_african_m_0003_frame_0001_subdiv_head_var_0.glb,3,bad,bad,0.4002186420465667,True
african_male_auth_african_m_0003_frame_0002_subdiv_head_var_0.glb,3,bad,bad,0.14435743114942648,True
african_male_auth_african_m_0003_frame_0003_subdiv_head_var_0.glb,3,bad,bad,0.041435284546448486,True
african_male_auth_african_m_0005_frame_0001_subdiv_head_var_0.glb,5,bad,bad,0.06455067593214682,True
african_male_auth_african_m_0005_frame_0002_subdiv_head_var_0.glb,5,bad,bad,0.4036106921449852,True
african_male_auth_african_m_0005_frame_0003_subdiv_head_var_0.glb,5,bad,bad,0.02439400837692911,True
african_male_auth_african_m_0005_frame_0005_subdiv_head_var_0.glb,5,bad,bad,0.008230955119900492,True
african_male_auth_african_m_0005_frame_0006_subdiv_head_var_0.glb,5,bad,good,0.9073719973768115,False
african_male_auth_african_m_0005_frame_0007_subdiv_head_var_0.glb,5,bad,bad,0.014230137748050122,True
african_male_auth_african_m_0005_frame_0008_subdiv_head_var_0.glb,5,bad,bad,0.4361491953879632,True
african_male_auth_african_m_0005_frame_0009_subdiv_head_var_0.glb,5,bad,bad,0.34654104021079934,True
african_male_auth_african_m_0026_frame_0003_subdiv_head_var_0.glb,26,bad,bad,0.4125580017615855,True
african_male_auth_african_m_0026_frame_0004_subdiv_head_var_0.glb,26,bad,bad,0.01727115853770241,True
african_male_auth_african_m_0026_frame_0006_subdiv_head_var_0.glb,26,bad,bad,0.003951230285080752,True
african_male_auth_african_m_0026_frame_0007_subdiv_head_var_0.glb,26,bad,bad,0.011500356352337425,True
african_male_auth_african_m_0026_frame_0008_subdiv_head_var_0.glb,26,bad,good,0.5159969454060468,False
african_male_auth_african_m_0026_frame_0009_subdiv_head_var_0.glb,26,bad,bad,0.03648993727582218,True
african_male_auth_african_m_0026_frame_0010_subdiv_head_var_0.glb,26,bad,bad,0.23118544592495363,True
asian_female_auth_asian_f_0003_frame_0003_subdiv_head_var_0.glb,3,bad,bad,0.18669767575569418,True
asian_female_auth_asian_f_0008_frame_0002_subdiv_head_var_0.glb,8,bad,bad,0.07078792338041885,True
asian_female_auth_asian_f_0009_frame_0002_subdiv_head_var_0.glb,9,bad,bad,0.00025318181534198897,True
asian_female_auth_asian_f_0009_frame_0003_subdiv_head_var_0.glb,9,bad,bad,0.0022099592684400276,True
asian_female_auth_asian_f_0010_frame_0002_subdiv_head_var_0.glb,10,bad,bad,0.001481937753057066,True
asian_female_auth_asian_f_0010_frame_0003_subdiv_head_var_0.glb,10,bad,bad,0.0004451380601945592,True
asian_female_auth_asian_f_0011_frame_0001_subdiv_head_var_0.glb,11,bad,bad,0.004615066202361908,True
asian_female_auth_asian_f_0011_frame_0002_subdiv_head_var_0.glb,11,bad,bad,0.00952827477568361,True
asian_female_auth_asian_f_0011_frame_0003_subdiv_head_var_0.glb,11,bad,bad,0.010405369224118177,True
asian_female_auth_asian_f_0013_frame_0001_subdiv_head_var_0.glb,13,bad,good,0.5606485423378195,False
asian_female_auth_asian_f_0013_frame_0001_subdiv_head_var_0.glb,13,bad,bad,0.007336960163969938,True
asian_female_auth_asian_f_0013_frame_0001_subdiv_head_var_0.glb,13,bad,bad,0.011259180244373678,True
asian_female_auth_asian_f_0013_frame_0002_subdiv_head_var_0.glb,13,bad,bad,0.04060562831799292,True
asian_female_auth_asian_f_0013_frame_0002_subdiv_head_var_0.glb,13,bad,bad,0.00033771097210071174,True
asian_female_auth_asian_f_0013_frame_0003_subdiv_head_var_0.glb,13,bad,bad,0.17570928468261188,True
asian_female_auth_asian_f_0013_frame_0003_subdiv_head_var_0.glb,13,bad,good,0.544641051978048,False
asian_female_auth_asian_f_0013_frame_0003_subdiv_head_var_0.glb,13,bad,bad,0.00033059659541655444,True
asian_female_auth_asian_f_0013_frame_0004_subdiv_head_var_0.glb,13,bad,good,0.6349839518859925,False
asian_female_auth_asian_f_0013_frame_0005_subdiv_head_var_0.glb,13,bad,good,0.6260914946819038,False
asian_female_auth_asian_f_0013_frame_0006_subdiv_head_var_0.glb,13,bad,bad,0.034842168397637166,True
asian_female_auth_asian_f_0013_frame_0006_subdiv_head_var_0.glb,13,bad,bad,0.2338680664971052,True
asian_female_auth_asian_f_0013_frame_0010_subdiv_head_var_0.glb,13,bad,bad,0.09809822657239603,True
asian_female_auth_asian_f_0013_frame_0010_subdiv_head_var_0.glb,13,bad,bad,0.33637686922565413,True
asian_female_auth_asian_f_0016_frame_0001_subdiv_head_var_0.glb,16,bad,bad,0.013697354857321669,True
asian_female_auth_asian_f_0016_frame_0002_subdiv_head_var_0.glb,16,bad,good,0.5332736576602126,False
asian_female_auth_asian_f_0016_frame_0003_subdiv_head_var_0.glb,16,bad,bad,0.0007987335373342607,True
asian_female_auth_asian_f_0018_frame_0001_subdiv_head_var_0.glb,18,bad,bad,0.11936510554737706,True
asian_female_auth_asian_f_0018_frame_0002_subdiv_head_var_0.glb,18,bad,good,0.7198963135262345,False
asian_female_auth_asian_f_0018_frame_0003_subdiv_head_var_0.glb,18,bad,bad,0.2536275325719124,True
asian_female_auth_asian_f_0021_frame_0001_subdiv_head_var_0.glb,21,bad,bad,0.002930308555754107,True
asian_female_auth_asian_f_0021_frame_0002_subdiv_head_var_0.glb,21,bad,good,0.9599046510489265,False
asian_female_auth_asian_f_0021_frame_0003_subdiv_head_var_0.glb,21,bad,bad,0.004664483088292828,True
asian_female_auth_asian_f_0022_frame_0001_subdiv_head_var_0.glb,22,bad,good,0.7447834559333473,False
asian_female_auth_asian_f_0022_frame_0003_subdiv_head_var_0.glb,22,bad,good,0.5848071101067158,False
asian_female_auth_asian_f_0022_frame_0003_subdiv_head_var_0.glb,22,bad,bad,0.24127477583520512,True
asian_female_auth_asian_f_0022_frame_0005_subdiv_head_var_0.glb,22,bad,good,0.7456237252509493,False
asian_female_auth_asian_f_0022_frame_0005_subdiv_head_var_0.glb,22,bad,good,0.62640025628266,False
asian_female_auth_asian_f_0022_frame_0006_subdiv_head_var_0.glb,22,bad,bad,0.35145736298873803,True
asian_female_auth_asian_f_0022_frame_0006_subdiv_head_var_0.glb,22,bad,bad,0.13587053363936316,True
asian_female_auth_asian_f_0022_frame_0008_subdiv_head_var_0.glb,22,bad,bad,0.0033159929960483127,True
asian_female_auth_asian_f_0022_frame_0008_subdiv_head_var_0.glb,22,bad,good,0.6305743836125202,False
asian_female_auth_asian_f_0022_frame_0009_subdiv_head_var_0.glb,22,bad,bad,0.11642813789815937,True
asian_female_auth_asian_f_0026_frame_0001_subdiv_head_var_0.glb,26,bad,bad,0.056926030204520146,True
asian_female_auth_asian_f_0026_frame_0002_subdiv_head_var_0.glb,26,bad,bad,0.08275750911149023,True
asian_female_auth_asian_f_0026_frame_0003_subdiv_head_var_0.glb,26,bad,bad,0.002581141419033887,True
asian_female_auth_asian_f_0033_frame_0001_subdiv_head_var_0.glb,33,bad,bad,0.0005553177477761399,True
asian_female_auth_asian_f_0033_frame_0002_subdiv_head_var_0.glb,33,bad,bad,0.3289960105815753,True
asian_female_auth_asian_f_0033_frame_0003_subdiv_head_var_0.glb,33,bad,bad,0.0006773646332721078,True
asian_female_auth_asian_f_0034_frame_0001_subdiv_head_var_0.glb,34,bad,bad,0.0008067982244441806,True
asian_female_auth_asian_f_0034_frame_0002_subdiv_head_var_0.glb,34,bad,bad,0.09076434259373828,True
asian_female_auth_asian_f_0034_frame_0003_subdiv_head_var_0.glb,34,bad,bad,0.0877317565143309,True
asian_female_auth_asian_f_0035_frame_0001_subdiv_head_var_0.glb,35,bad,good,0.8082304571909348,False
asian_female_auth_asian_f_0035_frame_0002_subdiv_head_var_0.glb,35,bad,bad,0.4879822325955559,True
asian_female_auth_asian_f_0035_frame_0003_subdiv_head_var_0.glb,35,bad,bad,0.0015197026613023472,True
asian_female_auth_asian_f_0036_frame_0001_subdiv_head_var_0.glb,36,bad,bad,0.011717842753373276,True
asian_female_auth_asian_f_0036_frame_0002_subdiv_head_var_0.glb,36,bad,bad,0.04330623174213355,True
asian_female_auth_asian_f_0036_frame_0003_subdiv_head_var_0.glb,36,bad,bad,0.0011510297214277698,True
asian_female_auth_asian_f_0039_frame_0002_subdiv_head_var_0.glb,39,bad,bad,0.003993073598330594,True
asian_female_auth_asian_f_0040_frame_0001_subdiv_head_var_0.glb,40,bad,good,0.6026961650655447,False
asian_female_auth_asian_f_0040_frame_0002_subdiv_head_var_0.glb,40,bad,bad,0.05531697966911901,True
asian_female_auth_asian_f_0041_frame_0001_subdiv_head_var_0.glb,41,bad,bad,0.021244536336662803,True
asian_female_auth_asian_f_0041_frame_0002_subdiv_head_var_0.glb,41,bad,bad,0.030744069613274284,True
asian_female_auth_asian_f_0041_frame_0003_subdiv_head_var_0.glb,41,bad,bad,0.09343465998274829,True
asian_female_auth_asian_f_0061_frame_0001_subdiv_head_var_0.glb,61,bad,bad,0.0021392404351464633,True
asian_female_auth_asian_f_0061_frame_0002_subdiv_head_var_0.glb,61,bad,bad,0.02408724377053488,True
asian_female_auth_asian_f_0061_frame_0003_subdiv_head_var_0.glb,61,bad,bad,0.2853688445391719,True
asian_female_auth_asian_f_0069_frame_0001_subdiv_head_var_0.glb,69,bad,bad,0.00317994665844891,True
asian_female_auth_asian_f_0069_frame_0002_subdiv_head_var_0.glb,69,bad,bad,0.0034045467410356058,True
asian_female_auth_asian_f_0069_frame_0003_subdiv_head_var_0.glb,69,bad,good,0.588945360742239,False
asian_male_auth_asian_m_0011_frame_0001_subdiv_head_var_0.glb,11,bad,bad,0.0017558462098163968,True
asian_male_auth_asian_m_0011_frame_0002_subdiv_head_var_0.glb,11,bad,bad,0.001204469573284819,True
asian_male_auth_asian_m_0011_frame_0003_subdiv_head_var_0.glb,11,bad,bad,0.003508030334579184,True
asian_male_auth_asian_m_0016_frame_0001_subdiv_head_var_0.glb,16,bad,bad,0.393464658731663,True
asian_male_auth_asian_m_0016_frame_0001_subdiv_head_var_0.glb,16,bad,good,0.568192959933444,False
asian_male_auth_asian_m_0016_frame_0002_subdiv_head_var_0.glb,16,bad,bad,0.1841367776366436,True
asian_male_auth_asian_m_0016_frame_0003_subdiv_head_var_0.glb,16,bad,bad,0.08951670417674647,True
asian_male_auth_asian_m_0016_frame_0003_subdiv_head_var_0.glb,16,bad,bad,0.012638969424979898,True
asian_male_auth_asian_m_0016_frame_0004_subdiv_head_var_0.glb,16,bad,good,0.6578875238205881,False
asian_male_auth_asian_m_0016_frame_0004_subdiv_head_var_0.glb,16,bad,good,0.7720199701793421,False
asian_male_auth_asian_m_0016_frame_0005_subdiv_head_var_0.glb,16,bad,good,0.8872566122974418,False
asian_male_auth_asian_m_0016_frame_0005_subdiv_head_var_0.glb,16,bad,good,0.8265725429078731,False
asian_male_auth_asian_m_0016_frame_0007_subdiv_head_var_0.glb,16,bad,good,0.6229846050740399,False
asian_male_auth_asian_m_0016_frame_0007_subdiv_head_var_0.glb,16,bad,bad,0.293866027115908,True
asian_male_auth_asian_m_0016_frame_0008_subdiv_head_var_0.glb,16,bad,bad,0.12901098244629663,True
asian_male_auth_asian_m_0016_frame_0008_subdiv_head_var_0.glb,16,bad,bad,0.12192356687013839,True
asian_male_auth_asian_m_0016_frame_0009_subdiv_head_var_0.glb,16,bad,good,0.8385292509085532,False
asian_male_auth_asian_m_0016_frame_0009_subdiv_head_var_0.glb,16,bad,bad,0.1015599859950107,True
asian_male_auth_asian_m_0016_frame_0010_subdiv_head_var_0.glb,16,bad,bad,0.1056338354337401,True
asian_male_auth_asian_m_0017_frame_0001_subdiv_head_var_0.glb,17,bad,bad,0.0007038223804266545,True
asian_male_auth_asian_m_0017_frame_0002_subdiv_head_var_0.glb,17,bad,bad,0.09137294304360881,True
asian_male_auth_asian_m_0017_frame_0003_subdiv_head_var_0.glb,17,bad,bad,0.04479895805984508,True
asian_male_auth_asian_m_0023_frame_0001_subdiv_head_var_0.glb,23,bad,bad,0.36728614766345624,True
asian_male_auth_asian_m_0023_frame_0002_subdiv_head_var_0.glb,23,bad,bad,0.0007204215898018205,True
asian_male_auth_asian_m_0023_frame_0003_subdiv_head_var_0.glb,23,bad,good,0.5968044633596332,False
asian_male_auth_asian_m_0027_frame_0002_subdiv_head_var_0.glb,27,bad,bad,0.0037212592674333985,True
asian_male_auth_asian_m_0029_frame_0001_subdiv_head_var_0.glb,29,bad,bad,0.017737748095887816,True
asian_male_auth_asian_m_0029_frame_0002_subdiv_head_var_0.glb,29,bad,bad,0.007158485975123743,True
asian_male_auth_asian_m_0029_frame_0003_subdiv_head_var_0.glb,29,bad,bad,0.00119478204546741,True
asian_male_auth_asian_m_0033_frame_0001_subdiv_head_var_0.glb,33,bad,bad,0.49594482523495814,True
asian_male_auth_asian_m_0033_frame_0002_subdiv_head_var_0.glb,33,bad,good,0.6106308927866159,False
asian_male_auth_asian_m_0033_frame_0003_subdiv_head_var_0.glb,33,bad,bad,0.005045919370171399,True
asian_male_auth_asian_m_0034_frame_0002_subdiv_head_var_0.glb,34,bad,bad,0.010425599090245426,True
asian_male_auth_asian_m_0035_frame_0001_subdiv_head_var_0.glb,35,bad,bad,0.0001973300506975296,True
asian_male_auth_asian_m_0035_frame_0002_subdiv_head_var_0.glb,35,bad,bad,0.013431490768085877,True
asian_male_auth_asian_m_0037_frame_0001_subdiv_head_var_0.glb,37,bad,bad,0.06460446296317789,True
asian_male_auth_asian_m_0037_frame_0002_subdiv_head_var_0.glb,37,bad,bad,0.18884954544764276,True
asian_male_auth_asian_m_0037_frame_0003_subdiv_head_var_0.glb,37,bad,bad,0.029785477635090464,True
asian_male_auth_asian_m_0042_frame_0001_subdiv_head_var_0.glb,42,bad,bad,0.16288499732921916,True
asian_male_auth_asian_m_0042_frame_0003_subdiv_head_var_0.glb,42,bad,bad,0.0012894293983363423,True
asian_male_auth_asian_m_0043_frame_0001_subdiv_head_var_0.glb,43,bad,bad,0.08122192363305937,True
asian_male_auth_asian_m_0043_frame_0002_subdiv_head_var_0.glb,43,bad,bad,0.23350764421046916,True
asian_male_auth_asian_m_0048_frame_0001_subdiv_head_var_0.glb,48,bad,good,0.5082786139049683,False
asian_male_auth_asian_m_0048_frame_0002_subdiv_head_var_0.glb,48,bad,bad,0.02871056975975632,True
asian_male_auth_asian_m_0048_frame_0005_subdiv_head_var_0.glb,48,bad,bad,0.05826435557991291,True
asian_male_auth_asian_m_0048_frame_0009_subdiv_head_var_0.glb,48,bad,bad,0.0057317136691836445,True
asian_male_auth_asian_m_0051_frame_0001_subdiv_head_var_0.glb,51,bad,good,0.5017213923848879,False
asian_male_auth_asian_m_0051_frame_0002_subdiv_head_var_0.glb,51,bad,bad,0.008916274857831707,True
asian_male_auth_asian_m_0051_frame_0006_subdiv_head_var_0.glb,51,bad,bad,0.0007845694931540684,True
asian_male_auth_asian_m_0051_frame_0007_subdiv_head_var_0.glb,51,bad,bad,0.21554485118523453,True
asian_male_auth_asian_m_0051_frame_0009_subdiv_head_var_0.glb,51,bad,good,0.9699145735747434,False
asian_male_auth_asian_m_0051_frame_0010_subdiv_head_var_0.glb,51,bad,bad,0.3899593873697891,True
asian_male_auth_asian_m_0068_frame_0001_subdiv_head_var_0.glb,68,bad,bad,0.0019205734527722059,True
asian_male_auth_asian_m_0068_frame_0002_subdiv_head_var_0.glb,68,bad,bad,0.29028674696759615,True
asian_male_auth_asian_m_0068_frame_0003_subdiv_head_var_0.glb,68,bad,bad,0.17313547336770363,True
auth_african_f_0022_frame_0001_subdiv_head.glb,22,bad,bad,0.00285252879487385,True
auth_african_f_0022_frame_0001_subdiv_head.glb,22,bad,bad,0.00035064650860194423,True
auth_african_f_0022_frame_0002_subdiv_head.glb,22,bad,bad,0.0004465644501338652,True
auth_african_f_0022_frame_0002_subdiv_head.glb,22,bad,bad,0.0038872315011531052,True
auth_african_f_0022_frame_0003_subdiv_head.glb,22,bad,bad,0.011179015202475698,True
auth_african_f_0022_frame_0003_subdiv_head.glb,22,bad,bad,0.0006234992064814891,True
auth_african_f_0022_frame_0004_subdiv_head.glb,22,bad,bad,0.0005519097135198277,True
auth_african_f_0022_frame_0004_subdiv_head.glb,22,bad,bad,0.0005342272774398811,True
auth_african_f_0022_frame_0005_subdiv_head.glb,22,bad,bad,0.005188134784774183,True
auth_african_f_0022_frame_0005_subdiv_head.glb,22,bad,bad,0.00405028223378011,True
auth_african_f_0022_frame_0006_subdiv_head.glb,22,bad,bad,0.000543837051162984,True
auth_african_f_0022_frame_0006_subdiv_head.glb,22,bad,bad,0.0010065847967844963,True
auth_african_f_0022_frame_0007_subdiv_head.glb,22,bad,bad,0.0023404634684632787,True
auth_african_f_0022_frame_0007_subdiv_head.glb,22,bad,bad,0.001149079569813237,True
auth_african_f_0022_frame_0008_subdiv_head.glb,22,bad,bad,0.00017055918293892888,True
auth_african_f_0022_frame_0008_subdiv_head.glb,22,bad,bad,0.001193837571746421,True
auth_african_f_0022_frame_0009_subdiv_head.glb,22,bad,bad,0.003878341266401556,True
auth_african_f_0022_frame_0009_subdiv_head.glb,22,bad,bad,0.002594783591591509,True
auth_african_f_0022_frame_0010_subdiv_head.glb,22,bad,bad,0.001667850471465521,True
auth_african_f_0022_frame_0010_subdiv_head.glb,22,bad,bad,0.00017442725465864766,True
auth_african_f_0023_frame_0001_subdiv_head.glb,23,bad,bad,0.0012332457881889104,True
auth_african_f_0023_frame_0001_subdiv_head.glb,23,bad,bad,0.0024448540856951556,True
auth_african_f_0023_frame_0002_subdiv_head.glb,23,bad,bad,0.000841911414619983,True
auth_african_f_0023_frame_0002_subdiv_head.glb,23,bad,bad,0.0006637488970139764,True
auth_african_f_0023_frame_0003_subdiv_head.glb,23,bad,bad,0.0005645931064909094,True
auth_african_f_0023_frame_0003_subdiv_head.glb,23,bad,bad,0.0003524036725175486,True
auth_african_f_0023_frame_0004_subdiv_head.glb,23,bad,bad,0.0010908509192286222,True
auth_african_f_0023_frame_0004_subdiv_head.glb,23,bad,bad,0.00934529609062512,True
auth_african_f_0023_frame_0005_subdiv_head.glb,23,bad,bad,0.00915420004215006,True
auth_african_f_0023_frame_0005_subdiv_head.glb,23,bad,bad,0.0009509322516436977,True
auth_african_f_0023_frame_0006_subdiv_head.glb,23,bad,bad,0.0007356558876840445,True
auth_african_f_0023_frame_0006_subdiv_head.glb,23,bad,bad,0.00021795448969869966,True
auth_african_f_0023_frame_0007_subdiv_head.glb,23,bad,bad,0.00031351887222182595,True
auth_african_f_0023_frame_0007_subdiv_head.glb,23,bad,bad,0.0015471909679461106,True
auth_african_f_0023_frame_0008_subdiv_head.glb,23,bad,bad,0.0004112571532767159,True
auth_african_f_0023_frame_0008_subdiv_head.glb,23,bad,bad,0.0009169896557905746,True
auth_african_f_0023_frame_0009_subdiv_head.glb,23,bad,bad,0.011313143782351156,True
auth_african_f_0023_frame_0009_subdiv_head.glb,23,bad,bad,0.0008349846499966352,True
auth_african_f_0023_frame_0010_subdiv_head.glb,23,bad,bad,0.002570344657208276,True
auth_african_f_0023_frame_0010_subdiv_head.glb,23,bad,bad,0.002341437050206041,True
auth_asian_f_0022_frame_0001_subdiv_head.glb,22,bad,bad,0.00014778217614728372,True
auth_asian_f_0022_frame_0001_subdiv_head.glb,22,bad,bad,0.000100269701524478,True
auth_asian_f_0022_frame_0002_subdiv_head.glb,22,bad,bad,8.398246134970483e-05,True
auth_asian_f_0022_frame_0002_subdiv_head.glb,22,bad,bad,8.854527672788639e-05,True
auth_asian_f_0022_frame_0003_subdiv_head.glb,22,bad,bad,0.00011001071431455369,True
auth_asian_f_0022_frame_0004_subdiv_head.glb,22,bad,bad,0.002311280096434366,True
auth_asian_f_0022_frame_0005_subdiv_head.glb,22,bad,bad,0.0005569017282487441,True
auth_asian_f_0022_frame_0005_subdiv_head.glb,22,bad,bad,0.001214541054471369,True
auth_asian_f_0022_frame_0006_subdiv_head.glb,22,bad,bad,0.000636978033417276,True
auth_asian_f_0022_frame_0007_subdiv_head.glb,22,bad,bad,0.0001036837706578803,True
auth_asian_f_0022_frame_0007_subdiv_head.glb,22,bad,bad,0.0004421305885104912,True
auth_asian_f_0022_frame_0008_subdiv_head.glb,22,bad,bad,0.0027598424583825383,True
auth_asian_f_0022_frame_0009_subdiv_head.glb,22,bad,bad,0.0006184507325260545,True
auth_asian_f_0022_frame_0010_subdiv_head.glb,22,bad,bad,0.0007367682122610786,True
auth_asian_f_0022_frame_0010_subdiv_head.glb,22,bad,bad,0.003656348164203396,True
auth_asian_m_0016_frame_0001_subdiv_head.glb,16,bad,bad,0.056542476300912255,True
auth_asian_m_0016_frame_0001_subdiv_head.glb,16,bad,bad,0.0009689650310383417,True
auth_asian_m_0016_frame_0002_subdiv_head.glb,16,bad,good,0.7428927933407771,False
auth_asian_m_0016_frame_0002_subdiv_head.glb,16,bad,bad,0.004193798006518902,True
auth_asian_m_0016_frame_0003_subdiv_head.glb,16,bad,bad,0.01738450009585925,True
auth_asian_m_0016_frame_0003_subdiv_head.glb,16,bad,bad,0.3176764118337711,True
auth_asian_m_0016_frame_0004_subdiv_head.glb,16,bad,bad,0.0050451266364197524,True
auth_asian_m_0016_frame_0004_subdiv_head.glb,16,bad,bad,0.01780932481995812,True
auth_asian_m_0016_frame_0005_subdiv_head.glb,16,bad,bad,0.44396984946037044,True
auth_asian_m_0016_frame_0005_subdiv_head.glb,16,bad,bad,0.14949721865133575,True
auth_asian_m_0016_frame_0006_subdiv_head.glb,16,bad,bad,0.014118487964188397,True
auth_asian_m_0016_frame_0006_subdiv_head.glb,16,bad,bad,0.0001955477563905642,True
auth_asian_m_0016_frame_0007_subdiv_head.glb,16,bad,bad,0.003970766377993962,True
auth_asian_m_0016_frame_0007_subdiv_head.glb,16,bad,bad,0.0017335682799038872,True
auth_asian_m_0016_frame_0008_subdiv_head.glb,16,bad,bad,0.002904237500914705,True
auth_asian_m_0016_frame_0008_subdiv_head.glb,16,bad,bad,0.01272480346355139,True
auth_asian_m_0016_frame_0009_subdiv_head.glb,16,bad,good,0.8247118593304785,False
auth_asian_m_0016_frame_0010_subdiv_head.glb,16,bad,bad,0.06599797022348752,True
auth_asian_m_0016_frame_0010_subdiv_head.glb,16,bad,bad,0.016248307796003378,True
auth_caucasian_m_0025_frame_0001_subdiv_head.glb,25,bad,bad,0.0015874687852514917,True
auth_caucasian_m_0025_frame_0001_subdiv_head.glb,25,bad,bad,0.005961028172395062,True
auth_caucasian_m_0025_frame_0002_subdiv_head.glb,25,bad,bad,0.0008240875150393732,True
auth_caucasian_m_0025_frame_0002_subdiv_head.glb,25,bad,bad,0.0049071476730134,True
auth_caucasian_m_0025_frame_0003_subdiv_head.glb,25,bad,bad,0.011569605427183452,True
auth_caucasian_m_0025_frame_0003_subdiv_head.glb,25,bad,bad,0.004119823920842435,True
auth_caucasian_m_0025_frame_0004_subdiv_head.glb,25,bad,bad,0.0010762320594541728,True
auth_caucasian_m_0025_frame_0004_subdiv_head.glb,25,bad,bad,0.015432642659801994,True
auth_caucasian_m_0025_frame_0005_subdiv_head.glb,25,bad,bad,0.0019148479895073462,True
auth_caucasian_m_0025_frame_0005_subdiv_head.glb,25,bad,bad,0.015687205448891142,True
auth_caucasian_m_0025_frame_0006_subdiv_head.glb,25,bad,bad,0.0017832837305029388,True
auth_caucasian_m_0025_frame_0006_subdiv_head.glb,25,bad,bad,0.0035976346982601938,True
auth_caucasian_m_0025_frame_0007_subdiv_head.glb,25,bad,bad,0.0033222730775323123,True
auth_caucasian_m_0025_frame_0007_subdiv_head.glb,25,bad,bad,0.0003602337581078748,True
auth_caucasian_m_0025_frame_0008_subdiv_head.glb,25,bad,bad,0.0005421922456009246,True
auth_caucasian_m_0025_frame_0008_subdiv_head.glb,25,bad,bad,0.0011212072464602,True
auth_caucasian_m_0025_frame_0009_subdiv_head.glb,25,bad,bad,0.005135860229972908,True
auth_caucasian_m_0025_frame_0009_subdiv_head.glb,25,bad,bad,0.019291246855713526,True
auth_caucasian_m_0025_frame_0010_subdiv_head.glb,25,bad,bad,0.0018009645047072007,True
auth_caucasian_m_0025_frame_0010_subdiv_head.glb,25,bad,bad,0.041265059085488436,True
auth_middleeast_f_0009_frame_0001_subdiv_head.glb,9,bad,bad,9.632554941401859e-05,True
auth_middleeast_f_0009_frame_0001_subdiv_head.glb,9,bad,bad,0.0014753336606745757,True
auth_middleeast_f_0009_frame_0003_subdiv_head.glb,9,bad,bad,0.000657510971665334,True
auth_middleeast_f_0009_frame_0004_subdiv_head.glb,9,bad,bad,0.00024317121492543808,True
auth_middleeast_f_0009_frame_0004_subdiv_head.glb,9,bad,bad,0.0005374120724086801,True
auth_middleeast_f_0009_frame_0005_subdiv_head.glb,9,bad,bad,0.0003521443500814558,True
auth_middleeast_f_0009_frame_0005_subdiv_head.glb,9,bad,bad,0.00011344439020392438,True
auth_middleeast_f_0009_frame_0006_subdiv_head.glb,9,bad,bad,0.0001669049582253761,True
auth_middleeast_f_0009_frame_0006_subdiv_head.glb,9,bad,bad,0.0006138525185963695,True
auth_middleeast_f_0009_frame_0007_subdiv_head.glb,9,bad,bad,0.0003473991935436406,True
auth_middleeast_f_0009_frame_0007_subdiv_head.glb,9,bad,bad,0.00010740745209552932,True
auth_middleeast_f_0009_frame_0008_subdiv_head.glb,9,bad,bad,0.001052195215202044,True
auth_middleeast_f_0009_frame_0008_subdiv_head.glb,9,bad,bad,0.009400220127964157,True
auth_middleeast_f_0009_frame_0009_subdiv_head.glb,9,bad,bad,0.0005366283204122235,True
auth_middleeast_f_0009_frame_0009_subdiv_head.glb,9,bad,bad,0.0005089457778966746,True
auth_middleeast_f_0009_frame_0010_subdiv_head.glb,9,bad,bad,0.000798682128518322,True
auth_middleeast_f_0009_frame_0010_subdiv_head.glb,9,bad,bad,0.00019523944388136002,True
auth_middleeast_f_0028_frame_0001_subdiv_head.glb,28,bad,bad,0.0009588584362307583,True
auth_middleeast_f_0028_frame_0001_subdiv_head.glb,28,bad,bad,0.014534811159584306,True
auth_middleeast_f_0028_frame_0002_subdiv_head.glb,28,bad,bad,0.0024626103626533887,True
auth_middleeast_f_0028_frame_0002_subdiv_head.glb,28,bad,bad,0.003864733518484499,True
auth_middleeast_f_0028_frame_0003_subdiv_head.glb,28,bad,bad,0.00176246660107755,True
auth_middleeast_f_0028_frame_0003_subdiv_head.glb,28,bad,bad,0.046567952789954736,True
auth_middleeast_f_0028_frame_0004_subdiv_head.glb,28,bad,bad,0.0009639714125740166,True
auth_middleeast_f_0028_frame_0004_subdiv_head.glb,28,bad,bad,0.0017089357472608545,True
auth_middleeast_f_0028_frame_0005_subdiv_head.glb,28,bad,bad,0.004917103032668624,True
auth_middleeast_f_0028_frame_0005_subdiv_head.glb,28,bad,bad,0.042813319112595165,True
auth_middleeast_f_0028_frame_0006_subdiv_head.glb,28,bad,bad,0.0024549754045728716,True
auth_middleeast_f_0028_frame_0006_subdiv_head.glb,28,bad,bad,0.0025370784144370584,True
auth_middleeast_f_0028_frame_0007_subdiv_head.glb,28,bad,bad,0.003860347593979251,True
auth_middleeast_f_0028_frame_0007_subdiv_head.glb,28,bad,bad,0.00043742576699107007,True
auth_middleeast_f_0028_frame_0008_subdiv_head.glb,28,bad,bad,0.007794720490987875,True
auth_middleeast_f_0028_frame_0008_subdiv_head.glb,28,bad,bad,0.02015557151336649,True
auth_middleeast_f_0028_frame_0009_subdiv_head.glb,28,bad,bad,0.0009300989809831082,True
auth_middleeast_f_0028_frame_0009_subdiv_head.glb,28,bad,bad,0.007731970492724825,True
auth_middleeast_f_0028_frame_0010_subdiv_head.glb,28,bad,bad,0.0007072772727484738,True
auth_middleeast_f_0028_frame_0010_subdiv_head.glb,28,bad,bad,0.0018905229640363847,True
auth_middleeast_m_0011_frame_0001_subdiv_head.glb,11,bad,bad,0.0012669193525777802,True
auth_middleeast_m_0011_frame_0001_subdiv_head.glb,11,bad,bad,0.004065063343091353,True
auth_middleeast_m_0011_frame_0002_subdiv_head.glb,11,bad,bad,0.02389294309463582,True
auth_middleeast_m_0011_frame_0002_subdiv_head.glb,11,bad,bad,0.0011230496768158081,True
auth_middleeast_m_0011_frame_0003_subdiv_head.glb,11,bad,bad,0.00858932868958518,True
auth_middleeast_m_0011_frame_0003_subdiv_head.glb,11,bad,bad,0.0037439900477494402,True
auth_middleeast_m_0011_frame_0004_subdiv_head.glb,11,bad,bad,0.0010709150892997392,True
auth_middleeast_m_0011_frame_0004_subdiv_head.glb,11,bad,bad,0.04438513627781491,True
auth_middleeast_m_0011_frame_0005_subdiv_head.glb,11,bad,bad,0.037739976111105675,True
auth_middleeast_m_0011_frame_0005_subdiv_head.glb,11,bad,bad,0.005140931400145082,True
auth_middleeast_m_0011_frame_0006_subdiv_head.glb,11,bad,bad,0.006261239822311702,True
auth_middleeast_m_0011_frame_0006_subdiv_head.glb,11,bad,bad,0.005181046721884386,True
auth_middleeast_m_0011_frame_0007_subdiv_head.glb,11,bad,bad,0.0048586221826722835,True
auth_middleeast_m_0011_frame_0007_subdiv_head.glb,11,bad,bad,0.00381435937922502,True
auth_middleeast_m_0011_frame_0008_subdiv_head.glb,11,bad,bad,0.0007395782687060299,True
auth_middleeast_m_0011_frame_0008_subdiv_head.glb,11,bad,bad,0.002569760233780154,True
auth_middleeast_m_0011_frame_0009_subdiv_head.glb,11,bad,bad,0.005588585884679045,True
auth_middleeast_m_0011_frame_0009_subdiv_head.glb,11,bad,bad,0.010985392178405572,True
auth_middleeast_m_0011_frame_0010_subdiv_head.glb,11,bad,bad,0.0013660377551804855,True
auth_middleeast_m_0011_frame_0010_subdiv_head.glb,11,bad,bad,0.0007626122675499765,True
auth_middleeast_m_0025_frame_0001_subdiv_head.glb,25,bad,bad,0.0007538227443244586,True
auth_middleeast_m_0025_frame_0001_subdiv_head.glb,25,bad,bad,0.0007373028470081788,True
auth_middleeast_m_0025_frame_0002_subdiv_head.glb,25,bad,bad,0.001977785787815507,True
auth_middleeast_m_0025_frame_0002_subdiv_head.glb,25,bad,bad,0.0005860319130808385,True
auth_middleeast_m_0025_frame_0003_subdiv_head.glb,25,bad,bad,0.0009061930349220985,True
auth_middleeast_m_0025_frame_0003_subdiv_head.glb,25,bad,bad,0.008522353320816849,True
auth_middleeast_m_0025_frame_0004_subdiv_head.glb,25,bad,bad,0.0027018511307214856,True
auth_middleeast_m_0025_frame_0004_subdiv_head.glb,25,bad,bad,0.0014556951126937097,True
auth_middleeast_m_0025_frame_0005_subdiv_head.glb,25,bad,bad,0.0006258349099041312,True
auth_middleeast_m_0025_frame_0005_subdiv_head.glb,25,bad,bad,0.0004989960518052842,True
auth_middleeast_m_0025_frame_0006_subdiv_head.glb,25,bad,bad,0.0016686805206317945,True
auth_middleeast_m_0025_frame_0006_subdiv_head.glb,25,bad,bad,0.00028564813931593243,True
auth_middleeast_m_0025_frame_0007_subdiv_head.glb,25,bad,bad,0.0037674640350452105,True
auth_middleeast_m_0025_frame_0007_subdiv_head.glb,25,bad,bad,0.0030476894979765386,True
auth_middleeast_m_0025_frame_0008_subdiv_head.glb,25,bad,bad,0.0009850527440762352,True
auth_middleeast_m_0025_frame_0008_subdiv_head.glb,25,bad,bad,0.001639610356211561,True
auth_middleeast_m_0025_frame_0009_subdiv_head.glb,25,bad,bad,0.007205228026924396,True
auth_middleeast_m_0025_frame_0009_subdiv_head.glb,25,bad,bad,0.003873876547490484,True
auth_middleeast_m_0025_frame_0010_subdiv_head.glb,25,bad,bad,0.0008691891495969044,True
auth_middleeast_m_0025_frame_0010_subdiv_head.glb,25,bad,bad,0.001204189030221542,True
caucasian_female_auth_caucasian_f_0003_frame_0001_subdiv_head_var_0.glb,3,bad,bad,0.00731335426621218,True
caucasian_female_auth_caucasian_f_0007_frame_0001_subdiv_head_var_0.glb,7,bad,bad,0.024279584170745692,True
caucasian_female_auth_caucasian_f_0007_frame_0002_subdiv_head_var_0.glb,7,bad,bad,0.004613755163122523,True
caucasian_female_auth_caucasian_f_0007_frame_0003_subdiv_head_var_0.glb,7,bad,bad,0.0024567439921864068,True
caucasian_female_auth_caucasian_f_0009_frame_0001_subdiv_head_var_0.glb,9,bad,bad,0.01100056299930505,True
caucasian_female_auth_caucasian_f_0009_frame_0002_subdiv_head_var_0.glb,9,bad,bad,0.009324339617700248,True
caucasian_female_auth_caucasian_f_0009_frame_0003_subdiv_head_var_0.glb,9,bad,good,0.8416688547040343,False
caucasian_female_auth_caucasian_f_0028_frame_0001_subdiv_head_var_0.glb,28,bad,bad,0.005620660751677686,True
caucasian_female_auth_caucasian_f_0028_frame_0002_subdiv_head_var_0.glb,28,bad,bad,0.00021192761985971132,True
caucasian_female_auth_caucasian_f_0028_frame_0003_subdiv_head_var_0.glb,28,bad,bad,0.04097387040066045,True
caucasian_male_auth_caucasian_m_0025_frame_0001_subdiv_head_var_0.glb,25,bad,good,0.9735289818147103,False
caucasian_male_auth_caucasian_m_0025_frame_0002_subdiv_head_var_0.glb,25,bad,bad,0.392556691830714,True
caucasian_male_auth_caucasian_m_0025_frame_0002_subdiv_head_var_0.glb,25,bad,bad,0.4917349673410079,True
caucasian_male_auth_caucasian_m_0025_frame_0004_subdiv_head_var_0.glb,25,bad,good,0.8839764205875374,False
caucasian_male_auth_caucasian_m_0025_frame_0004_subdiv_head_var_0.glb,25,bad,good,0.6440769694128488,False
caucasian_male_auth_caucasian_m_0025_frame_0005_subdiv_head_var_0.glb,25,bad,good,0.8826187531304699,False
caucasian_male_auth_caucasian_m_0025_frame_0006_subdiv_head_var_0.glb,25,bad,bad,0.25621961878098326,True
caucasian_male_auth_caucasian_m_0025_frame_0006_subdiv_head_var_0.glb,25,bad,good,0.6569011824652333,False
caucasian_male_auth_caucasian_m_0025_frame_0007_subdiv_head_var_0.glb,25,bad,good,0.9066458197183568,False
caucasian_male_auth_caucasian_m_0025_frame_0008_subdiv_head_var_0.glb,25,bad,good,0.758874336916142,False
caucasian_male_auth_caucasian_m_0025_frame_0008_subdiv_head_var_0.glb,25,bad,bad,0.38231165352219837,True
caucasian_male_auth_caucasian_m_0025_frame_0010_subdiv_head_var_0.glb,25,bad,good,0.8722811035640498,False
caucasian_male_auth_caucasian_m_0025_frame_0010_subdiv_head_var_0.glb,25,bad,bad,0.04757355391349279,True
caucasian_male_auth_caucasian_m_0034_frame_0001_subdiv_head_var_0.glb,34,bad,bad,0.054644138323834,True
caucasian_male_auth_caucasian_m_0034_frame_0003_subdiv_head_var_0.glb,34,bad,bad,0.0024446907447528404,True
latino_female_auth_latino_f_0014_frame_0001_subdiv_head_var_0.glb,14,bad,bad,0.055054815405757546,True
latino_female_auth_latino_f_0014_frame_0002_subdiv_head_var_0.glb,14,bad,bad,0.035783503196996864,True
latino_female_auth_latino_f_0014_frame_0003_subdiv_head_var_0.glb,14,bad,bad,0.06619660253103847,True
latino_female_auth_latino_f_0014_frame_0004_subdiv_head_var_0.glb,14,bad,bad,0.15255414176349905,True
latino_female_auth_latino_f_0014_frame_0005_subdiv_head_var_0.glb,14,bad,bad,0.0062964466514955865,True
latino_female_auth_latino_f_0014_frame_0009_subdiv_head_var_0.glb,14,bad,bad,0.002852471307969812,True
latino_female_auth_latino_f_0014_frame_0010_subdiv_head_var_0.glb,14,bad,bad,0.011644230934115773,True
latino_female_auth_latino_f_0018_frame_0002_subdiv_head_var_0.glb,18,bad,bad,0.1634897424018054,True
latino_female_auth_latino_f_0018_frame_0003_subdiv_head_var_0.glb,18,bad,bad,0.0014655797374064814,True
latino_female_auth_latino_f_0027_frame_0001_subdiv_head_var_0.glb,27,bad,bad,0.0002193884393985826,True
latino_female_auth_latino_f_0027_frame_0003_subdiv_head_var_0.glb,27,bad,bad,0.008778932601553636,True
latino_female_auth_latino_f_0031_frame_0001_subdiv_head_var_0.glb,31,bad,good,0.649425650991115,False
latino_female_auth_latino_f_0031_frame_0002_subdiv_head_var_0.glb,31,bad,good,0.678275249732704,False
latino_female_auth_latino_f_0031_frame_0003_subdiv_head_var_0.glb,31,bad,good,0.8212026275548012,False
latino_female_auth_latino_f_0031_frame_0004_subdiv_head_var_0.glb,31,bad,good,0.8186154450447657,False
latino_female_auth_latino_f_0031_frame_0005_subdiv_head_var_0.glb,31,bad,good,0.7273427488893273,False
latino_female_auth_latino_f_0031_frame_0006_subdiv_head_var_0.glb,31,bad,bad,0.46396009328349586,True
latino_female_auth_latino_f_0031_frame_0007_subdiv_head_var_0.glb,31,bad,bad,0.4822302454635687,True
latino_female_auth_latino_f_0031_frame_0008_subdiv_head_var_0.glb,31,bad,good,0.6465100506391658,False
latino_female_auth_latino_f_0031_frame_0009_subdiv_head_var_0.glb,31,bad,good,0.9746222429531083,False
latino_female_auth_latino_f_0032_frame_0001_subdiv_head_var_0.glb,32,bad,bad,0.34641168164924785,True
latino_female_auth_latino_f_0032_frame_0003_subdiv_head_var_0.glb,32,bad,bad,0.05357265568132861,True
latino_female_auth_latino_f_0040_frame_0001_subdiv_head_var_0.glb,40,bad,bad,0.0018085793852372172,True
latino_female_auth_latino_f_0040_frame_0003_subdiv_head_var_0.glb,40,bad,bad,0.01986649981229259,True
latino_female_auth_latino_f_0047_frame_0001_subdiv_head_var_0.glb,47,bad,good,0.7338102535251262,False
latino_female_auth_latino_f_0047_frame_0002_subdiv_head_var_0.glb,47,bad,bad,0.4202062805137238,True
latino_female_auth_latino_f_0047_frame_0003_subdiv_head_var_0.glb,47,bad,good,0.8866417446453317,False
latino_male_auth_latino_m_0002_frame_0001_subdiv_head_var_0.glb,2,bad,bad,0.11698154534949112,True
latino_male_auth_latino_m_0002_frame_0002_subdiv_head_var_0.glb,2,bad,bad,0.3762208985289078,True
latino_male_auth_latino_m_0002_frame_0004_subdiv_head_var_0.glb,2,bad,good,0.8122602377107129,False
latino_male_auth_latino_m_0002_frame_0005_subdiv_head_var_0.glb,2,bad,bad,0.12566208621389946,True
latino_male_auth_latino_m_0002_frame_0006_subdiv_head_var_0.glb,2,bad,bad,0.12779694401159558,True
latino_male_auth_latino_m_0002_frame_0007_subdiv_head_var_0.glb,2,bad,good,0.5623809800192427,False
latino_male_auth_latino_m_0002_frame_0008_subdiv_head_var_0.glb,2,bad,bad,0.23831701431111418,True
latino_male_auth_latino_m_0002_frame_0009_subdiv_head_var_0.glb,2,bad,bad,0.022572330139938233,True
latino_male_auth_latino_m_0036_frame_0001_subdiv_head_var_0.glb,36,bad,bad,0.1407454373849407,True
latino_male_auth_latino_m_0036_frame_0002_subdiv_head_var_0.glb,36,bad,bad,0.41105922287080815,True
latino_male_auth_latino_m_0036_frame_0003_subdiv_head_var_0.glb,36,bad,good,0.9314219282988395,False
latino_male_auth_latino_m_0036_frame_0004_subdiv_head_var_0.glb,36,bad,good,0.9556159743810012,False
latino_male_auth_latino_m_0036_frame_0005_subdiv_head_var_0.glb,36,bad,good,0.5517926711750858,False
latino_male_auth_latino_m_0036_frame_0006_subdiv_head_var_0.glb,36,bad,good,0.7340213940238126,False
latino_male_auth_latino_m_0036_frame_0007_subdiv_head_var_0.glb,36,bad,bad,0.012119335001680573,True
latino_male_auth_latino_m_0036_frame_0009_subdiv_head_var_0.glb,36,bad,bad,0.42882406112633076,True
latino_male_auth_latino_m_0036_frame_0010_subdiv_head_var_0.glb,36,bad,good,0.8410572612556111,False
middleeast_female_auth_middleeast_f_0005_frame_0001_subdiv_head_var_0.glb,5,bad,good,0.5551594389489198,False
middleeast_female_auth_middleeast_f_0005_frame_0002_subdiv_head_var_0.glb,5,bad,bad,0.09297450072182145,True
middleeast_female_auth_middleeast_f_0005_frame_0003_subdiv_head_var_0.glb,5,bad,bad,0.39740367906995316,True
middleeast_female_auth_middleeast_f_0006_frame_0001_subdiv_head_var_0.glb,6,bad,bad,0.0009877714725070224,True
middleeast_female_auth_middleeast_f_0006_frame_0002_subdiv_head_var_0.glb,6,bad,bad,0.0018853976781809327,True
middleeast_female_auth_middleeast_f_0006_frame_0003_subdiv_head_var_0.glb,6,bad,bad,0.00021864386722615702,True
middleeast_female_auth_middleeast_f_0009_frame_0001_subdiv_head_var_0.glb,9,bad,bad,0.005136235850821244,True
middleeast_female_auth_middleeast_f_0009_frame_0001_subdiv_head_var_0.glb,9,bad,bad,0.11009008562863797,True
middleeast_female_auth_middleeast_f_0009_frame_0003_subdiv_head_var_0.glb,9,bad,bad,0.003352951139552438,True
middleeast_female_auth_middleeast_f_0009_frame_0003_subdiv_head_var_0.glb,9,bad,good,0.5739484120644011,False
middleeast_female_auth_middleeast_f_0009_frame_0004_subdiv_head_var_0.glb,9,bad,bad,0.021819982176577962,True
middleeast_female_auth_middleeast_f_0009_frame_0005_subdiv_head_var_0.glb,9,bad,bad,0.10565948712638593,True
middleeast_female_auth_middleeast_f_0009_frame_0006_subdiv_head_var_0.glb,9,bad,bad,0.0023335342862961187,True
middleeast_female_auth_middleeast_f_0009_frame_0006_subdiv_head_var_0.glb,9,bad,bad,0.37810863810003414,True
middleeast_female_auth_middleeast_f_0009_frame_0008_subdiv_head_var_0.glb,9,bad,bad,0.0008517733170323293,True
middleeast_female_auth_middleeast_f_0009_frame_0008_subdiv_head_var_0.glb,9,bad,bad,0.0016851320941329334,True
middleeast_female_auth_middleeast_f_0009_frame_0010_subdiv_head_var_0.glb,9,bad,bad,0.02514535815130592,True
middleeast_female_auth_middleeast_f_0009_frame_0010_subdiv_head_var_0.glb,9,bad,bad,0.1013375976458609,True
middleeast_female_auth_middleeast_f_0013_frame_0001_subdiv_head_var_0.glb,13,bad,bad,0.0544399578858387,True
middleeast_female_auth_middleeast_f_0013_frame_0002_subdiv_head_var_0.glb,13,bad,bad,0.056503230533577295,True
middleeast_female_auth_middleeast_f_0015_frame_0001_subdiv_head_var_0.glb,15,bad,bad,0.004750966939202523,True
middleeast_female_auth_middleeast_f_0015_frame_0002_subdiv_head_var_0.glb,15,bad,bad,0.03660583279134146,True
middleeast_female_auth_middleeast_f_0021_frame_0001_subdiv_head_var_0.glb,21,bad,good,0.7406787052828725,False
middleeast_female_auth_middleeast_f_0021_frame_0002_subdiv_head_var_0.glb,21,bad,good,0.6989921426173077,False
middleeast_female_auth_middleeast_f_0021_frame_0003_subdiv_head_var_0.glb,21,bad,good,0.8364500625094325,False
middleeast_female_auth_middleeast_f_0028_frame_0002_subdiv_head_var_0.glb,28,bad,bad,0.02093538909577712,True
middleeast_female_auth_middleeast_f_0028_frame_0002_subdiv_head_var_0.glb,28,bad,bad,0.03189346097070326,True
middleeast_female_auth_middleeast_f_0028_frame_0002_subdiv_head_var_0.glb,28,bad,bad,0.006728862947658721,True
middleeast_female_auth_middleeast_f_0028_frame_0003_subdiv_head_var_0.glb,28,bad,bad,0.0014238131573050736,True
middleeast_female_auth_middleeast_f_0028_frame_0004_subdiv_head_var_0.glb,28,bad,bad,0.4213079650259471,True
middleeast_female_auth_middleeast_f_0028_frame_0005_subdiv_head_var_0.glb,28,bad,bad,0.1387872421627498,True
middleeast_female_auth_middleeast_f_0032_frame_0001_subdiv_head_var_0.glb,32,bad,good,0.8783281414917284,False
middleeast_female_auth_middleeast_f_0032_frame_0002_subdiv_head_var_0.glb,32,bad,bad,0.3297664570224234,True
middleeast_female_auth_middleeast_f_0032_frame_0003_subdiv_head_var_0.glb,32,bad,bad,0.036959421142116713,True
middleeast_female_auth_middleeast_f_0041_frame_0001_subdiv_head_var_0.glb,41,bad,bad,0.004745642629258974,True
middleeast_female_auth_middleeast_f_0041_frame_0002_subdiv_head_var_0.glb,41,bad,bad,0.06268418941387058,True
middleeast_male_auth_middleeast_m_0011_frame_0001_subdiv_head_var_0.glb,11,bad,bad,0.03311537343102479,True
middleeast_male_auth_middleeast_m_0011_frame_0002_subdiv_head_var_0.glb,11,bad,bad,0.10726376499867021,True
middleeast_male_auth_middleeast_m_0011_frame_0002_subdiv_head_var_0.glb,11,bad,good,0.6720870268410802,False
middleeast_male_auth_middleeast_m_0011_frame_0003_subdiv_head_var_0.glb,11,bad,bad,0.19334035803678787,True
middleeast_male_auth_middleeast_m_0011_frame_0003_subdiv_head_var_0.glb,11,bad,bad,0.02670800916821626,True
middleeast_male_auth_middleeast_m_0011_frame_0004_subdiv_head_var_0.glb,11,bad,bad,0.14513936641974381,True
middleeast_male_auth_middleeast_m_0011_frame_0005_subdiv_head_var_0.glb,11,bad,bad,0.0021686786650906963,True
middleeast_male_auth_middleeast_m_0011_frame_0005_subdiv_head_var_0.glb,11,bad,bad,0.3305101710755781,True
middleeast_male_auth_middleeast_m_0011_frame_0006_subdiv_head_var_0.glb,11,bad,bad,0.02049009520315932,True
middleeast_male_auth_middleeast_m_0011_frame_0006_subdiv_head_var_0.glb,11,bad,bad,0.2604805434618392,True
middleeast_male_auth_middleeast_m_0011_frame_0007_subdiv_head_var_0.glb,11,bad,bad,0.03003722735878509,True
middleeast_male_auth_middleeast_m_0011_frame_0008_subdiv_head_var_0.glb,11,bad,bad,0.028402865325626005,True
middleeast_male_auth_middleeast_m_0011_frame_0009_subdiv_head_var_0.glb,11,bad,bad,0.03315920641652957,True
middleeast_male_auth_middleeast_m_0025_frame_0001_subdiv_head_var_0.glb,25,bad,bad,0.02754559574374098,True
middleeast_male_auth_middleeast_m_0025_frame_0001_subdiv_head_var_0.glb,25,bad,bad,0.010240899336949208,True
middleeast_male_auth_middleeast_m_0025_frame_0002_subdiv_head_var_0.glb,25,bad,bad,0.3640619193010694,True
middleeast_male_auth_middleeast_m_0025_frame_0002_subdiv_head_var_0.glb,25,bad,bad,0.23961347071759503,True
middleeast_male_auth_middleeast_m_0025_frame_0003_subdiv_head_var_0.glb,25,bad,bad,0.12986220101184667,True
middleeast_male_auth_middleeast_m_0025_frame_0004_subdiv_head_var_0.glb,25,bad,bad,0.09078124906363245,True
middleeast_male_auth_middleeast_m_0025_frame_0005_subdiv_head_var_0.glb,25,bad,bad,0.0020186559381582883,True
middleeast_male_auth_middleeast_m_0025_frame_0005_subdiv_head_var_0.glb,25,bad,bad,0.2978573128342588,True
middleeast_male_auth_middleeast_m_0025_frame_0006_subdiv_head_var_0.glb,25,bad,bad,0.01094913044629871,True
middleeast_male_auth_middleeast_m_0025_frame_0006_subdiv_head_var_0.glb,25,bad,bad,0.17435139719076856,True
middleeast_male_auth_middleeast_m_0025_frame_0007_subdiv_head_var_0.glb,25,bad,bad,0.0007308750616143734,True
middleeast_male_auth_middleeast_m_0025_frame_0007_subdiv_head_var_0.glb,25,bad,bad,0.11064933082244394,True
middleeast_male_auth_middleeast_m_0025_frame_0008_subdiv_head_var_0.glb,25,bad,bad,0.030967801514266334,True
middleeast_male_auth_middleeast_m_0025_frame_0009_subdiv_head_var_0.glb,25,bad,bad,0.0045550739333461675,True
middleeast_male_auth_middleeast_m_0025_frame_0009_subdiv_head_var_0.glb,25,bad,bad,0.05962301422732199,True
middleeast_male_auth_middleeast_m_0025_frame_0010_subdiv_head_var_0.glb,25,bad,bad,0.25556183480059874,True
middleeast_male_auth_middleeast_m_0025_frame_0010_subdiv_head_var_0.glb,25,bad,bad,0.3894050492314206,True
middleeast_male_auth_middleeast_m_0033_frame_0002_subdiv_head_var_0.glb,33,bad,bad,0.00027219373689686807,True
middleeast_male_auth_middleeast_m_0033_frame_0003_subdiv_head_var_0.glb,33,bad,bad,0.009612464933650706,True
middleeast_male_auth_middleeast_m_0043_frame_0001_subdiv_head_var_0.glb,43,bad,bad,0.022363929245902376,True
middleeast_male_auth_middleeast_m_0043_frame_0002_subdiv_head_var_0.glb,43,bad,good,0.6361991205096523,False
middleeast_male_auth_middleeast_m_0043_frame_0003_subdiv_head_var_0.glb,43,bad,bad,0.047314612094500205,True
middleeast_male_auth_middleeast_m_0043_frame_0004_subdiv_head_var_0.glb,43,bad,bad,0.12788024957620342,True
middleeast_male_auth_middleeast_m_0043_frame_0005_subdiv_head_var_0.glb,43,bad,bad,0.017940466547249956,True
middleeast_male_auth_middleeast_m_0043_frame_0006_subdiv_head_var_0.glb,43,bad,bad,0.11165994771913608,True
middleeast_male_auth_middleeast_m_0043_frame_0007_subdiv_head_var_0.glb,43,bad,good,0.6925277749422284,False
middleeast_male_auth_middleeast_m_0043_frame_0008_subdiv_head_var_0.glb,43,bad,bad,0.006423960491435608,True
middleeast_male_auth_middleeast_m_0043_frame_0009_subdiv_head_var_0.glb,43,bad,bad,0.13787221672332073,True
